"STRUCTURE","STRUCTURE_ID","ACTION","FREQ","REF_AREA","INDICATOR","SEX","AGE","URBANISATION","UNIT_MEASURE","COMP_BREAKDOWN_1","COMP_BREAKDOWN_2","COMP_BREAKDOWN_3","TIME_PERIOD","OBS_VALUE","AGG_METHOD","UNIT_TYPE","DECIMALS","DATABASE_ID","TIME_FORMAT","UNIT_MULT","OBS_STATUS","OBS_CONF","FREQ_LABEL","REF_AREA_LABEL","INDICATOR_LABEL","SEX_LABEL","AGE_LABEL","URBANISATION_LABEL","UNIT_MEASURE_LABEL","COMP_BREAKDOWN_1_LABEL","COMP_BREAKDOWN_2_LABEL","COMP_BREAKDOWN_3_LABEL","AGG_METHOD_LABEL","UNIT_TYPE_LABEL","DECIMALS_LABEL","DATABASE_ID_LABEL","TIME_FORMAT_LABEL","UNIT_MULT_LABEL","OBS_STATUS_LABEL","OBS_CONF_LABEL"
"datastructure","WB.DATA360:DS_DATA360(1.3)","I","A","SEN","GI_AII_96","_Z","_Z","_Z","0_TO_100","_Z","_Z","_Z","2018","75.0","_Z","IX","2","GI_AII","602","0","A","PU","Annual","Senegal","In practice, roads/bridges networks between towns and cities exist and are maintained.","Not applicable","Not applicable","Not applicable","0-100 scale","Not Applicable","Not Applicable","Not Applicable","Not Applicable","Index","Two","Africa Integrity Indicators","CCYY","Units","Normal value","Public"
"datastructure","WB.DATA360:DS_DATA360(1.3)","I","A","DZA","GI_AII_96","_Z","_Z","_Z","0_TO_100","_Z","_Z","_Z","2014","50.0","_Z","IX","2","GI_AII","602","0","A","PU","Annual","Algeria","In practice, roads/bridges networks between towns and cities exist and are maintained.","Not applicable","Not applicable","Not applicable","0-100 scale","Not Applicable","Not Applicable","Not Applicable","Not Applicable","Index","Two","Africa Integrity Indicators","CCYY","Units","Normal value","Public"
"datastructure","WB.DATA360:DS_DATA360(1.3)","I","A","DZA","GI_AII_96","_Z","_Z","_Z","0_TO_100","_Z","_Z","_Z","2015","50.0","_Z","IX","2","GI_AII","602","0","A","PU","Annual","Algeria","In practice, roads/bridges networks between towns and cities exist and are maintained.","Not applicable","Not applicable","Not applicable","0-100 scale","Not Applicable","Not Applicable","Not Applicable","Not Applicable","Index","Two","Africa Integrity Indicators","CCYY","Units","Normal value","Public"
"datastructure","WB.DATA360:DS_DATA360(1.3)","I","A","DZA","GI_AII_96","_Z","_Z","_Z","0_TO_100","_Z","_Z","_Z","2016","50.0","_Z","IX","2","GI_AII","602","0","A","PU","Annual","Algeria","In practice, roads/bridges networks between towns and cities exist and are maintained.","Not applicable","Not applicable","Not applicable","0-100 scale","Not Applicable","Not Applicable","Not Applicable","Not Applicable","Index","Two","Africa Integrity Indicators","CCYY","Units","Normal value","Public"
"datastructure","WB.DATA360:DS_DATA360(1.3)","I","A","DZA","GI_AII_96","_Z","_Z","_Z","0_TO_100","_Z","_Z","_Z","2017","25.0","_Z","IX","2","GI_AII","602","0","A","PU","Annual","Algeria","In practice, roads/bridges networks between towns and cities exist and are maintained.","Not applicable","Not applicable","Not applicable","0-100 scale","Not Applicable","Not Applicable","Not Applicable","Not Applicable","Index","Two","Africa Integrity Indicators","CCYY","Units","Normal value","Public"
"datastructure","WB.DATA360:DS_DATA360(1.3)","I","A","DZA","GI_AII_96","_Z","_Z","_Z","0_TO_100","_Z","_Z","_Z","2018","25.0","_Z","IX","2","GI_AII","602","0","A","PU","Annual","Algeria","In practice, roads/bridges networks between towns and cities exist and are maintained.","Not applicable","Not applicable","Not applicable","0-100 scale","Not Applicable","Not Applicable","Not Applicable","Not Applicable","Index","Two","Africa Integrity Indicators","CCYY","Units","Normal value","Public"
"datastructure","WB.DATA360:DS_DATA360(1.3)","I","A","AGO","GI_AII_96","_Z","_Z","_Z","0_TO_100","_Z","_Z","_Z","2014","25.0","_Z","IX","2","GI_AII","602","0","A","PU","Annual","Angola","In practice, roads/bridges networks between towns and cities exist and are maintained.","Not applicable","Not applicable","Not applicable","0-100 scale","Not Applicable","Not Applicable","Not Applicable","Not Applicable","Index","Two","Africa Integrity Indicators","CCYY","Units","Normal value","Public"
"datastructure","WB.DATA360:DS_DATA360(1.3)","I","A","AGO","GI_AII_96","_Z","_Z","_Z","0_TO_100","_Z","_Z","_Z","2015","25.0","_Z","IX","2","GI_AII","602","0","A","PU","Annual","Angola","In practice, roads/bridges networks between towns and cities exist and are maintained.","Not applicable","Not applicable","Not applicable","0-100 scale","Not Applicable","Not Applicable","Not Applicable","Not Applicable","Index","Two","Africa Integrity Indicators","CCYY","Units","Normal value","Public"
"datastructure","WB.DATA360:DS_DATA360(1.3)","I","A","AGO","GI_AII_96","_Z","_Z","_Z","0_TO_100","_Z","_Z","_Z","2016","50.0","_Z","IX","2","GI_AII","602","0","A","PU","Annual","Angola","In practice, roads/bridges networks between towns and cities exist and are maintained.","Not applicable","Not applicable","Not applicable","0-100 scale","Not Applicable","Not Applicable","Not Applicable","Not Applicable","Index","Two","Africa Integrity Indicators","CCYY","Units","Normal value","Public"
"datastructure","WB.DATA360:DS_DATA360(1.3)","I","A","AGO","GI_AII_96","_Z","_Z","_Z","0_TO_100","_Z","_Z","_Z","2017","50.0","_Z","IX","2","GI_AII","602","0","A","PU","Annual","Angola","In practice, roads/bridges networks between towns and cities exist and are maintained.","Not applicable","Not applicable","Not applicable","0-100 scale","Not Applicable","Not Applicable","Not Applicable","Not Applicable","Index","Two","Africa Integrity Indicators","CCYY","Units","Normal value","Public"
"datastructure","WB.DATA360:DS_DATA360(1.3)","I","A","AGO","GI_AII_96","_Z","_Z","_Z","0_TO_100","_Z","_Z","_Z","2018","50.0","_Z","IX","2","GI_AII","602","0","A","PU","Annual","Angola","In practice, roads/bridges networks between towns and cities exist and are maintained.","Not applicable","Not applicable","Not applicable","0-100 scale","Not Applicable","Not Applicable","Not Applicable","Not Applicable","Index","Two","Africa Integrity Indicators","CCYY","Units","Normal value","Public"
"datastructure","WB.DATA360:DS_DATA360(1.3)","I","A","BEN","GI_AII_96","_Z","_Z","_Z","0_TO_100","_Z","_Z","_Z","2014","50.0","_Z","IX","2","GI_AII","602","0","A","PU","Annual","Benin","In practice, roads/bridges networks between towns and cities exist and are maintained.","Not applicable","Not applicable","Not applicable","0-100 scale","Not Applicable","Not Applicable","Not Applicable","Not Applicable","Index","Two","Africa Integrity Indicators","CCYY","Units","Normal value","Public"
"datastructure","WB.DATA360:DS_DATA360(1.3)","I","A","BEN","GI_AII_96","_Z","_Z","_Z","0_TO_100","_Z","_Z","_Z","2015","50.0","_Z","IX","2","GI_AII","602","0","A","PU","Annual","Benin","In practice, roads/bridges networks between towns and cities exist and are maintained.","Not applicable","Not applicable","Not applicable","0-100 scale","Not Applicable","Not Applicable","Not Applicable","Not Applicable","Index","Two","Africa Integrity Indicators","CCYY","Units","Normal value","Public"
"datastructure","WB.DATA360:DS_DATA360(1.3)","I","A","BEN","GI_AII_96","_Z","_Z","_Z","0_TO_100","_Z","_Z","_Z","2016","25.0","_Z","IX","2","GI_AII","602","0","A","PU","Annual","Benin","In practice, roads/bridges networks between towns and cities exist and are maintained.","Not applicable","Not applicable","Not applicable","0-100 scale","Not Applicable","Not Applicable","Not Applicable","Not Applicable","Index","Two","Africa Integrity Indicators","CCYY","Units","Normal value","Public"
"datastructure","WB.DATA360:DS_DATA360(1.3)","I","A","BEN","GI_AII_96","_Z","_Z","_Z","0_TO_100","_Z","_Z","_Z","2017","25.0","_Z","IX","2","GI_AII","602","0","A","PU","Annual","Benin","In practice, roads/bridges networks between towns and cities exist and are maintained.","Not applicable","Not applicable","Not applicable","0-100 scale","Not Applicable","Not Applicable","Not Applicable","Not Applicable","Index","Two","Africa Integrity Indicators","CCYY","Units","Normal value","Public"
"datastructure","WB.DATA360:DS_DATA360(1.3)","I","A","BEN","GI_AII_96","_Z","_Z","_Z","0_TO_100","_Z","_Z","_Z","2018","25.0","_Z","IX","2","GI_AII","602","0","A","PU","Annual","Benin","In practice, roads/bridges networks between towns and cities exist and are maintained.","Not applicable","Not applicable","Not applicable","0-100 scale","Not Applicable","Not Applicable","Not Applicable","Not Applicable","Index","Two","Africa Integrity Indicators","CCYY","Units","Normal value","Public"
"datastructure","WB.DATA360:DS_DATA360(1.3)","I","A","BWA","GI_AII_96","_Z","_Z","_Z","0_TO_100","_Z","_Z","_Z","2014","100.0","_Z","IX","2","GI_AII","602","0","A","PU","Annual","Botswana","In practice, roads/bridges networks between towns and cities exist and are maintained.","Not applicable","Not applicable","Not applicable","0-100 scale","Not Applicable","Not Applicable","Not Applicable","Not Applicable","Index","Two","Africa Integrity Indicators","CCYY","Units","Normal value","Public"
"datastructure","WB.DATA360:DS_DATA360(1.3)","I","A","BWA","GI_AII_96","_Z","_Z","_Z","0_TO_100","_Z","_Z","_Z","2015","100.0","_Z","IX","2","GI_AII","602","0","A","PU","Annual","Botswana","In practice, roads/bridges networks between towns and cities exist and are maintained.","Not applicable","Not applicable","Not applicable","0-100 scale","Not Applicable","Not Applicable","Not Applicable","Not Applicable","Index","Two","Africa Integrity Indicators","CCYY","Units","Normal value","Public"
"datastructure","WB.DATA360:DS_DATA360(1.3)","I","A","BWA","GI_AII_96","_Z","_Z","_Z","0_TO_100","_Z","_Z","_Z","2016","100.0","_Z","IX","2","GI_AII","602","0","A","PU","Annual","Botswana","In practice, roads/bridges networks between towns and cities exist and are maintained.","Not applicable","Not applicable","Not applicable","0-100 scale","Not Applicable","Not Applicable","Not Applicable","Not Applicable","Index","Two","Africa Integrity Indicators","CCYY","Units","Normal value","Public"
"datastructure","WB.DATA360:DS_DATA360(1.3)","I","A","BWA","GI_AII_96","_Z","_Z","_Z","0_TO_100","_Z","_Z","_Z","2017","100.0","_Z","IX","2","GI_AII","602","0","A","PU","Annual","Botswana","In practice, roads/bridges networks between towns and cities exist and are maintained.","Not applicable","Not applicable","Not applicable","0-100 scale","Not Applicable","Not Applicable","Not Applicable","Not Applicable","Index","Two","Africa Integrity Indicators","CCYY","Units","Normal value","Public"
"datastructure","WB.DATA360:DS_DATA360(1.3)","I","A","BWA","GI_AII_96","_Z","_Z","_Z","0_TO_100","_Z","_Z","_Z","2018","100.0","_Z","IX","2","GI_AII","602","0","A","PU","Annual","Botswana","In practice, roads/bridges networks between towns and cities exist and are maintained.","Not applicable","Not applicable","Not applicable","0-100 scale","Not Applicable","Not Applicable","Not Applicable","Not Applicable","Index","Two","Africa Integrity Indicators","CCYY","Units","Normal value","Public"
"datastructure","WB.DATA360:DS_DATA360(1.3)","I","A","BFA","GI_AII_96","_Z","_Z","_Z","0_TO_100","_Z","_Z","_Z","2014","25.0","_Z","IX","2","GI_AII","602","0","A","PU","Annual","Burkina Faso","In practice, roads/bridges networks between towns and cities exist and are maintained.","Not applicable","Not applicable","Not applicable","0-100 scale","Not Applicable","Not Applicable","Not Applicable","Not Applicable","Index","Two","Africa Integrity Indicators","CCYY","Units","Normal value","Public"
"datastructure","WB.DATA360:DS_DATA360(1.3)","I","A","BFA","GI_AII_96","_Z","_Z","_Z","0_TO_100","_Z","_Z","_Z","2015","50.0","_Z","IX","2","GI_AII","602","0","A","PU","Annual","Burkina Faso","In practice, roads/bridges networks between towns and cities exist and are maintained.","Not applicable","Not applicable","Not applicable","0-100 scale","Not Applicable","Not Applicable","Not Applicable","Not Applicable","Index","Two","Africa Integrity Indicators","CCYY","Units","Normal value","Public"
"datastructure","WB.DATA360:DS_DATA360(1.3)","I","A","BFA","GI_AII_96","_Z","_Z","_Z","0_TO_100","_Z","_Z","_Z","2016","25.0","_Z","IX","2","GI_AII","602","0","A","PU","Annual","Burkina Faso","In practice, roads/bridges networks between towns and cities exist and are maintained.","Not applicable","Not applicable","Not applicable","0-100 scale","Not Applicable","Not Applicable","Not Applicable","Not Applicable","Index","Two","Africa Integrity Indicators","CCYY","Units","Normal value","Public"
"datastructure","WB.DATA360:DS_DATA360(1.3)","I","A","BFA","GI_AII_96","_Z","_Z","_Z","0_TO_100","_Z","_Z","_Z","2017","25.0","_Z","IX","2","GI_AII","602","0","A","PU","Annual","Burkina Faso","In practice, roads/bridges networks between towns and cities exist and are maintained.","Not applicable","Not applicable","Not applicable","0-100 scale","Not Applicable","Not Applicable","Not Applicable","Not Applicable","Index","Two","Africa Integrity Indicators","CCYY","Units","Normal value","Public"
"datastructure","WB.DATA360:DS_DATA360(1.3)","I","A","BFA","GI_AII_96","_Z","_Z","_Z","0_TO_100","_Z","_Z","_Z","2018","25.0","_Z","IX","2","GI_AII","602","0","A","PU","Annual","Burkina Faso","In practice, roads/bridges networks between towns and cities exist and are maintained.","Not applicable","Not applicable","Not applicable","0-100 scale","Not Applicable","Not Applicable","Not Applicable","Not Applicable","Index","Two","Africa Integrity Indicators","CCYY","Units","Normal value","Public"
"datastructure","WB.DATA360:DS_DATA360(1.3)","I","A","BDI","GI_AII_96","_Z","_Z","_Z","0_TO_100","_Z","_Z","_Z","2014","50.0","_Z","IX","2","GI_AII","602","0","A","PU","Annual","Burundi","In practice, roads/bridges networks between towns and cities exist and are maintained.","Not applicable","Not applicable","Not applicable","0-100 scale","Not Applicable","Not Applicable","Not Applicable","Not Applicable","Index","Two","Africa Integrity Indicators","CCYY","Units","Normal value","Public"
"datastructure","WB.DATA360:DS_DATA360(1.3)","I","A","BDI","GI_AII_96","_Z","_Z","_Z","0_TO_100","_Z","_Z","_Z","2015","50.0","_Z","IX","2","GI_AII","602","0","A","PU","Annual","Burundi","In practice, roads/bridges networks between towns and cities exist and are maintained.","Not applicable","Not applicable","Not applicable","0-100 scale","Not Applicable","Not Applicable","Not Applicable","Not Applicable","Index","Two","Africa Integrity Indicators","CCYY","Units","Normal value","Public"
"datastructure","WB.DATA360:DS_DATA360(1.3)","I","A","BDI","GI_AII_96","_Z","_Z","_Z","0_TO_100","_Z","_Z","_Z","2016","25.0","_Z","IX","2","GI_AII","602","0","A","PU","Annual","Burundi","In practice, roads/bridges networks between towns and cities exist and are maintained.","Not applicable","Not applicable","Not applicable","0-100 scale","Not Applicable","Not Applicable","Not Applicable","Not Applicable","Index","Two","Africa Integrity Indicators","CCYY","Units","Normal value","Public"
"datastructure","WB.DATA360:DS_DATA360(1.3)","I","A","BDI","GI_AII_96","_Z","_Z","_Z","0_TO_100","_Z","_Z","_Z","2017","25.0","_Z","IX","2","GI_AII","602","0","A","PU","Annual","Burundi","In practice, roads/bridges networks between towns and cities exist and are maintained.","Not applicable","Not applicable","Not applicable","0-100 scale","Not Applicable","Not Applicable","Not Applicable","Not Applicable","Index","Two","Africa Integrity Indicators","CCYY","Units","Normal value","Public"
"datastructure","WB.DATA360:DS_DATA360(1.3)","I","A","BDI","GI_AII_96","_Z","_Z","_Z","0_TO_100","_Z","_Z","_Z","2018","25.0","_Z","IX","2","GI_AII","602","0","A","PU","Annual","Burundi","In practice, roads/bridges networks between towns and cities exist and are maintained.","Not applicable","Not applicable","Not applicable","0-100 scale","Not Applicable","Not Applicable","Not Applicable","Not Applicable","Index","Two","Africa Integrity Indicators","CCYY","Units","Normal value","Public"
"datastructure","WB.DATA360:DS_DATA360(1.3)","I","A","CMR","GI_AII_96","_Z","_Z","_Z","0_TO_100","_Z","_Z","_Z","2014","25.0","_Z","IX","2","GI_AII","602","0","A","PU","Annual","Cameroon","In practice, roads/bridges networks between towns and cities exist and are maintained.","Not applicable","Not applicable","Not applicable","0-100 scale","Not Applicable","Not Applicable","Not Applicable","Not Applicable","Index","Two","Africa Integrity Indicators","CCYY","Units","Normal value","Public"
"datastructure","WB.DATA360:DS_DATA360(1.3)","I","A","CMR","GI_AII_96","_Z","_Z","_Z","0_TO_100","_Z","_Z","_Z","2015","0.0","_Z","IX","2","GI_AII","602","0","A","PU","Annual","Cameroon","In practice, roads/bridges networks between towns and cities exist and are maintained.","Not applicable","Not applicable","Not applicable","0-100 scale","Not Applicable","Not Applicable","Not Applicable","Not Applicable","Index","Two","Africa Integrity Indicators","CCYY","Units","Normal value","Public"
"datastructure","WB.DATA360:DS_DATA360(1.3)","I","A","CMR","GI_AII_96","_Z","_Z","_Z","0_TO_100","_Z","_Z","_Z","2016","0.0","_Z","IX","2","GI_AII","602","0","A","PU","Annual","Cameroon","In practice, roads/bridges networks between towns and cities exist and are maintained.","Not applicable","Not applicable","Not applicable","0-100 scale","Not Applicable","Not Applicable","Not Applicable","Not Applicable","Index","Two","Africa Integrity Indicators","CCYY","Units","Normal value","Public"
"datastructure","WB.DATA360:DS_DATA360(1.3)","I","A","CMR","GI_AII_96","_Z","_Z","_Z","0_TO_100","_Z","_Z","_Z","2017","0.0","_Z","IX","2","GI_AII","602","0","A","PU","Annual","Cameroon","In practice, roads/bridges networks between towns and cities exist and are maintained.","Not applicable","Not applicable","Not applicable","0-100 scale","Not Applicable","Not Applicable","Not Applicable","Not Applicable","Index","Two","Africa Integrity Indicators","CCYY","Units","Normal value","Public"
"datastructure","WB.DATA360:DS_DATA360(1.3)","I","A","CMR","GI_AII_96","_Z","_Z","_Z","0_TO_100","_Z","_Z","_Z","2018","0.0","_Z","IX","2","GI_AII","602","0","A","PU","Annual","Cameroon","In practice, roads/bridges networks between towns and cities exist and are maintained.","Not applicable","Not applicable","Not applicable","0-100 scale","Not Applicable","Not Applicable","Not Applicable","Not Applicable","Index","Two","Africa Integrity Indicators","CCYY","Units","Normal value","Public"
"datastructure","WB.DATA360:DS_DATA360(1.3)","I","A","CPV","GI_AII_96","_Z","_Z","_Z","0_TO_100","_Z","_Z","_Z","2014","100.0","_Z","IX","2","GI_AII","602","0","A","PU","Annual","Cabo Verde","In practice, roads/bridges networks between towns and cities exist and are maintained.","Not applicable","Not applicable","Not applicable","0-100 scale","Not Applicable","Not Applicable","Not Applicable","Not Applicable","Index","Two","Africa Integrity Indicators","CCYY","Units","Normal value","Public"
"datastructure","WB.DATA360:DS_DATA360(1.3)","I","A","CPV","GI_AII_96","_Z","_Z","_Z","0_TO_100","_Z","_Z","_Z","2015","75.0","_Z","IX","2","GI_AII","602","0","A","PU","Annual","Cabo Verde","In practice, roads/bridges networks between towns and cities exist and are maintained.","Not applicable","Not applicable","Not applicable","0-100 scale","Not Applicable","Not Applicable","Not Applicable","Not Applicable","Index","Two","Africa Integrity Indicators","CCYY","Units","Normal value","Public"
"datastructure","WB.DATA360:DS_DATA360(1.3)","I","A","CPV","GI_AII_96","_Z","_Z","_Z","0_TO_100","_Z","_Z","_Z","2016","50.0","_Z","IX","2","GI_AII","602","0","A","PU","Annual","Cabo Verde","In practice, roads/bridges networks between towns and cities exist and are maintained.","Not applicable","Not applicable","Not applicable","0-100 scale","Not Applicable","Not Applicable","Not Applicable","Not Applicable","Index","Two","Africa Integrity Indicators","CCYY","Units","Normal value","Public"
"datastructure","WB.DATA360:DS_DATA360(1.3)","I","A","CPV","GI_AII_96","_Z","_Z","_Z","0_TO_100","_Z","_Z","_Z","2017","50.0","_Z","IX","2","GI_AII","602","0","A","PU","Annual","Cabo Verde","In practice, roads/bridges networks between towns and cities exist and are maintained.","Not applicable","Not applicable","Not applicable","0-100 scale","Not Applicable","Not Applicable","Not Applicable","Not Applicable","Index","Two","Africa Integrity Indicators","CCYY","Units","Normal value","Public"
"datastructure","WB.DATA360:DS_DATA360(1.3)","I","A","CPV","GI_AII_96","_Z","_Z","_Z","0_TO_100","_Z","_Z","_Z","2018","50.0","_Z","IX","2","GI_AII","602","0","A","PU","Annual","Cabo Verde","In practice, roads/bridges networks between towns and cities exist and are maintained.","Not applicable","Not applicable","Not applicable","0-100 scale","Not Applicable","Not Applicable","Not Applicable","Not Applicable","Index","Two","Africa Integrity Indicators","CCYY","Units","Normal value","Public"
"datastructure","WB.DATA360:DS_DATA360(1.3)","I","A","CAF","GI_AII_96","_Z","_Z","_Z","0_TO_100","_Z","_Z","_Z","2014","25.0","_Z","IX","2","GI_AII","602","0","A","PU","Annual","Central African Republic","In practice, roads/bridges networks between towns and cities exist and are maintained.","Not applicable","Not applicable","Not applicable","0-100 scale","Not Applicable","Not Applicable","Not Applicable","Not Applicable","Index","Two","Africa Integrity Indicators","CCYY","Units","Normal value","Public"
"datastructure","WB.DATA360:DS_DATA360(1.3)","I","A","CAF","GI_AII_96","_Z","_Z","_Z","0_TO_100","_Z","_Z","_Z","2015","25.0","_Z","IX","2","GI_AII","602","0","A","PU","Annual","Central African Republic","In practice, roads/bridges networks between towns and cities exist and are maintained.","Not applicable","Not applicable","Not applicable","0-100 scale","Not Applicable","Not Applicable","Not Applicable","Not Applicable","Index","Two","Africa Integrity Indicators","CCYY","Units","Normal value","Public"
"datastructure","WB.DATA360:DS_DATA360(1.3)","I","A","CAF","GI_AII_96","_Z","_Z","_Z","0_TO_100","_Z","_Z","_Z","2016","0.0","_Z","IX","2","GI_AII","602","0","A","PU","Annual","Central African Republic","In practice, roads/bridges networks between towns and cities exist and are maintained.","Not applicable","Not applicable","Not applicable","0-100 scale","Not Applicable","Not Applicable","Not Applicable","Not Applicable","Index","Two","Africa Integrity Indicators","CCYY","Units","Normal value","Public"
"datastructure","WB.DATA360:DS_DATA360(1.3)","I","A","CAF","GI_AII_96","_Z","_Z","_Z","0_TO_100","_Z","_Z","_Z","2017","25.0","_Z","IX","2","GI_AII","602","0","A","PU","Annual","Central African Republic","In practice, roads/bridges networks between towns and cities exist and are maintained.","Not applicable","Not applicable","Not applicable","0-100 scale","Not Applicable","Not Applicable","Not Applicable","Not Applicable","Index","Two","Africa Integrity Indicators","CCYY","Units","Normal value","Public"
"datastructure","WB.DATA360:DS_DATA360(1.3)","I","A","CAF","GI_AII_96","_Z","_Z","_Z","0_TO_100","_Z","_Z","_Z","2018","25.0","_Z","IX","2","GI_AII","602","0","A","PU","Annual","Central African Republic","In practice, roads/bridges networks between towns and cities exist and are maintained.","Not applicable","Not applicable","Not applicable","0-100 scale","Not Applicable","Not Applicable","Not Applicable","Not Applicable","Index","Two","Africa Integrity Indicators","CCYY","Units","Normal value","Public"
"datastructure","WB.DATA360:DS_DATA360(1.3)","I","A","TCD","GI_AII_96","_Z","_Z","_Z","0_TO_100","_Z","_Z","_Z","2014","50.0","_Z","IX","2","GI_AII","602","0","A","PU","Annual","Chad","In practice, roads/bridges networks between towns and cities exist and are maintained.","Not applicable","Not applicable","Not applicable","0-100 scale","Not Applicable","Not Applicable","Not Applicable","Not Applicable","Index","Two","Africa Integrity Indicators","CCYY","Units","Normal value","Public"
"datastructure","WB.DATA360:DS_DATA360(1.3)","I","A","TCD","GI_AII_96","_Z","_Z","_Z","0_TO_100","_Z","_Z","_Z","2015","50.0","_Z","IX","2","GI_AII","602","0","A","PU","Annual","Chad","In practice, roads/bridges networks between towns and cities exist and are maintained.","Not applicable","Not applicable","Not applicable","0-100 scale","Not Applicable","Not Applicable","Not Applicable","Not Applicable","Index","Two","Africa Integrity Indicators","CCYY","Units","Normal value","Public"
"datastructure","WB.DATA360:DS_DATA360(1.3)","I","A","TCD","GI_AII_96","_Z","_Z","_Z","0_TO_100","_Z","_Z","_Z","2016","25.0","_Z","IX","2","GI_AII","602","0","A","PU","Annual","Chad","In practice, roads/bridges networks between towns and cities exist and are maintained.","Not applicable","Not applicable","Not applicable","0-100 scale","Not Applicable","Not Applicable","Not Applicable","Not Applicable","Index","Two","Africa Integrity Indicators","CCYY","Units","Normal value","Public"
"datastructure","WB.DATA360:DS_DATA360(1.3)","I","A","TCD","GI_AII_96","_Z","_Z","_Z","0_TO_100","_Z","_Z","_Z","2017","50.0","_Z","IX","2","GI_AII","602","0","A","PU","Annual","Chad","In practice, roads/bridges networks between towns and cities exist and are maintained.","Not applicable","Not applicable","Not applicable","0-100 scale","Not Applicable","Not Applicable","Not Applicable","Not Applicable","Index","Two","Africa Integrity Indicators","CCYY","Units","Normal value","Public"
"datastructure","WB.DATA360:DS_DATA360(1.3)","I","A","TCD","GI_AII_96","_Z","_Z","_Z","0_TO_100","_Z","_Z","_Z","2018","50.0","_Z","IX","2","GI_AII","602","0","A","PU","Annual","Chad","In practice, roads/bridges networks between towns and cities exist and are maintained.","Not applicable","Not applicable","Not applicable","0-100 scale","Not Applicable","Not Applicable","Not Applicable","Not Applicable","Index","Two","Africa Integrity Indicators","CCYY","Units","Normal value","Public"
"datastructure","WB.DATA360:DS_DATA360(1.3)","I","A","COM","GI_AII_96","_Z","_Z","_Z","0_TO_100","_Z","_Z","_Z","2014","50.0","_Z","IX","2","GI_AII","602","0","A","PU","Annual","Comoros","In practice, roads/bridges networks between towns and cities exist and are maintained.","Not applicable","Not applicable","Not applicable","0-100 scale","Not Applicable","Not Applicable","Not Applicable","Not Applicable","Index","Two","Africa Integrity Indicators","CCYY","Units","Normal value","Public"
"datastructure","WB.DATA360:DS_DATA360(1.3)","I","A","COM","GI_AII_96","_Z","_Z","_Z","0_TO_100","_Z","_Z","_Z","2015","50.0","_Z","IX","2","GI_AII","602","0","A","PU","Annual","Comoros","In practice, roads/bridges networks between towns and cities exist and are maintained.","Not applicable","Not applicable","Not applicable","0-100 scale","Not Applicable","Not Applicable","Not Applicable","Not Applicable","Index","Two","Africa Integrity Indicators","CCYY","Units","Normal value","Public"
"datastructure","WB.DATA360:DS_DATA360(1.3)","I","A","COM","GI_AII_96","_Z","_Z","_Z","0_TO_100","_Z","_Z","_Z","2016","50.0","_Z","IX","2","GI_AII","602","0","A","PU","Annual","Comoros","In practice, roads/bridges networks between towns and cities exist and are maintained.","Not applicable","Not applicable","Not applicable","0-100 scale","Not Applicable","Not Applicable","Not Applicable","Not Applicable","Index","Two","Africa Integrity Indicators","CCYY","Units","Normal value","Public"
"datastructure","WB.DATA360:DS_DATA360(1.3)","I","A","COM","GI_AII_96","_Z","_Z","_Z","0_TO_100","_Z","_Z","_Z","2017","50.0","_Z","IX","2","GI_AII","602","0","A","PU","Annual","Comoros","In practice, roads/bridges networks between towns and cities exist and are maintained.","Not applicable","Not applicable","Not applicable","0-100 scale","Not Applicable","Not Applicable","Not Applicable","Not Applicable","Index","Two","Africa Integrity Indicators","CCYY","Units","Normal value","Public"
"datastructure","WB.DATA360:DS_DATA360(1.3)","I","A","COM","GI_AII_96","_Z","_Z","_Z","0_TO_100","_Z","_Z","_Z","2018","50.0","_Z","IX","2","GI_AII","602","0","A","PU","Annual","Comoros","In practice, roads/bridges networks between towns and cities exist and are maintained.","Not applicable","Not applicable","Not applicable","0-100 scale","Not Applicable","Not Applicable","Not Applicable","Not Applicable","Index","Two","Africa Integrity Indicators","CCYY","Units","Normal value","Public"
"datastructure","WB.DATA360:DS_DATA360(1.3)","I","A","COD","GI_AII_96","_Z","_Z","_Z","0_TO_100","_Z","_Z","_Z","2014","50.0","_Z","IX","2","GI_AII","602","0","A","PU","Annual","Congo, Dem. Rep.","In practice, roads/bridges networks between towns and cities exist and are maintained.","Not applicable","Not applicable","Not applicable","0-100 scale","Not Applicable","Not Applicable","Not Applicable","Not Applicable","Index","Two","Africa Integrity Indicators","CCYY","Units","Normal value","Public"
"datastructure","WB.DATA360:DS_DATA360(1.3)","I","A","COD","GI_AII_96","_Z","_Z","_Z","0_TO_100","_Z","_Z","_Z","2015","0.0","_Z","IX","2","GI_AII","602","0","A","PU","Annual","Congo, Dem. Rep.","In practice, roads/bridges networks between towns and cities exist and are maintained.","Not applicable","Not applicable","Not applicable","0-100 scale","Not Applicable","Not Applicable","Not Applicable","Not Applicable","Index","Two","Africa Integrity Indicators","CCYY","Units","Normal value","Public"
"datastructure","WB.DATA360:DS_DATA360(1.3)","I","A","COD","GI_AII_96","_Z","_Z","_Z","0_TO_100","_Z","_Z","_Z","2016","50.0","_Z","IX","2","GI_AII","602","0","A","PU","Annual","Congo, Dem. Rep.","In practice, roads/bridges networks between towns and cities exist and are maintained.","Not applicable","Not applicable","Not applicable","0-100 scale","Not Applicable","Not Applicable","Not Applicable","Not Applicable","Index","Two","Africa Integrity Indicators","CCYY","Units","Normal value","Public"
"datastructure","WB.DATA360:DS_DATA360(1.3)","I","A","COD","GI_AII_96","_Z","_Z","_Z","0_TO_100","_Z","_Z","_Z","2017","25.0","_Z","IX","2","GI_AII","602","0","A","PU","Annual","Congo, Dem. Rep.","In practice, roads/bridges networks between towns and cities exist and are maintained.","Not applicable","Not applicable","Not applicable","0-100 scale","Not Applicable","Not Applicable","Not Applicable","Not Applicable","Index","Two","Africa Integrity Indicators","CCYY","Units","Normal value","Public"
"datastructure","WB.DATA360:DS_DATA360(1.3)","I","A","COD","GI_AII_96","_Z","_Z","_Z","0_TO_100","_Z","_Z","_Z","2018","25.0","_Z","IX","2","GI_AII","602","0","A","PU","Annual","Congo, Dem. Rep.","In practice, roads/bridges networks between towns and cities exist and are maintained.","Not applicable","Not applicable","Not applicable","0-100 scale","Not Applicable","Not Applicable","Not Applicable","Not Applicable","Index","Two","Africa Integrity Indicators","CCYY","Units","Normal value","Public"
"datastructure","WB.DATA360:DS_DATA360(1.3)","I","A","COG","GI_AII_96","_Z","_Z","_Z","0_TO_100","_Z","_Z","_Z","2014","25.0","_Z","IX","2","GI_AII","602","0","A","PU","Annual","Congo, Rep.","In practice, roads/bridges networks between towns and cities exist and are maintained.","Not applicable","Not applicable","Not applicable","0-100 scale","Not Applicable","Not Applicable","Not Applicable","Not Applicable","Index","Two","Africa Integrity Indicators","CCYY","Units","Normal value","Public"
"datastructure","WB.DATA360:DS_DATA360(1.3)","I","A","COG","GI_AII_96","_Z","_Z","_Z","0_TO_100","_Z","_Z","_Z","2015","50.0","_Z","IX","2","GI_AII","602","0","A","PU","Annual","Congo, Rep.","In practice, roads/bridges networks between towns and cities exist and are maintained.","Not applicable","Not applicable","Not applicable","0-100 scale","Not Applicable","Not Applicable","Not Applicable","Not Applicable","Index","Two","Africa Integrity Indicators","CCYY","Units","Normal value","Public"
"datastructure","WB.DATA360:DS_DATA360(1.3)","I","A","COG","GI_AII_96","_Z","_Z","_Z","0_TO_100","_Z","_Z","_Z","2016","25.0","_Z","IX","2","GI_AII","602","0","A","PU","Annual","Congo, Rep.","In practice, roads/bridges networks between towns and cities exist and are maintained.","Not applicable","Not applicable","Not applicable","0-100 scale","Not Applicable","Not Applicable","Not Applicable","Not Applicable","Index","Two","Africa Integrity Indicators","CCYY","Units","Normal value","Public"
"datastructure","WB.DATA360:DS_DATA360(1.3)","I","A","COG","GI_AII_96","_Z","_Z","_Z","0_TO_100","_Z","_Z","_Z","2017","25.0","_Z","IX","2","GI_AII","602","0","A","PU","Annual","Congo, Rep.","In practice, roads/bridges networks between towns and cities exist and are maintained.","Not applicable","Not applicable","Not applicable","0-100 scale","Not Applicable","Not Applicable","Not Applicable","Not Applicable","Index","Two","Africa Integrity Indicators","CCYY","Units","Normal value","Public"
"datastructure","WB.DATA360:DS_DATA360(1.3)","I","A","COG","GI_AII_96","_Z","_Z","_Z","0_TO_100","_Z","_Z","_Z","2018","25.0","_Z","IX","2","GI_AII","602","0","A","PU","Annual","Congo, Rep.","In practice, roads/bridges networks between towns and cities exist and are maintained.","Not applicable","Not applicable","Not applicable","0-100 scale","Not Applicable","Not Applicable","Not Applicable","Not Applicable","Index","Two","Africa Integrity Indicators","CCYY","Units","Normal value","Public"
"datastructure","WB.DATA360:DS_DATA360(1.3)","I","A","CIV","GI_AII_96","_Z","_Z","_Z","0_TO_100","_Z","_Z","_Z","2014","50.0","_Z","IX","2","GI_AII","602","0","A","PU","Annual","Côte d’Ivoire","In practice, roads/bridges networks between towns and cities exist and are maintained.","Not applicable","Not applicable","Not applicable","0-100 scale","Not Applicable","Not Applicable","Not Applicable","Not Applicable","Index","Two","Africa Integrity Indicators","CCYY","Units","Normal value","Public"
"datastructure","WB.DATA360:DS_DATA360(1.3)","I","A","CIV","GI_AII_96","_Z","_Z","_Z","0_TO_100","_Z","_Z","_Z","2015","25.0","_Z","IX","2","GI_AII","602","0","A","PU","Annual","Côte d’Ivoire","In practice, roads/bridges networks between towns and cities exist and are maintained.","Not applicable","Not applicable","Not applicable","0-100 scale","Not Applicable","Not Applicable","Not Applicable","Not Applicable","Index","Two","Africa Integrity Indicators","CCYY","Units","Normal value","Public"
"datastructure","WB.DATA360:DS_DATA360(1.3)","I","A","LBY","GI_AII_96","_Z","_Z","_Z","0_TO_100","_Z","_Z","_Z","2014","25.0","_Z","IX","2","GI_AII","602","0","A","PU","Annual","Libya","In practice, roads/bridges networks between towns and cities exist and are maintained.","Not applicable","Not applicable","Not applicable","0-100 scale","Not Applicable","Not Applicable","Not Applicable","Not Applicable","Index","Two","Africa Integrity Indicators","CCYY","Units","Normal value","Public"
"datastructure","WB.DATA360:DS_DATA360(1.3)","I","A","LBY","GI_AII_96","_Z","_Z","_Z","0_TO_100","_Z","_Z","_Z","2015","0.0","_Z","IX","2","GI_AII","602","0","A","PU","Annual","Libya","In practice, roads/bridges networks between towns and cities exist and are maintained.","Not applicable","Not applicable","Not applicable","0-100 scale","Not Applicable","Not Applicable","Not Applicable","Not Applicable","Index","Two","Africa Integrity Indicators","CCYY","Units","Normal value","Public"
"datastructure","WB.DATA360:DS_DATA360(1.3)","I","A","LBY","GI_AII_96","_Z","_Z","_Z","0_TO_100","_Z","_Z","_Z","2016","0.0","_Z","IX","2","GI_AII","602","0","A","PU","Annual","Libya","In practice, roads/bridges networks between towns and cities exist and are maintained.","Not applicable","Not applicable","Not applicable","0-100 scale","Not Applicable","Not Applicable","Not Applicable","Not Applicable","Index","Two","Africa Integrity Indicators","CCYY","Units","Normal value","Public"
"datastructure","WB.DATA360:DS_DATA360(1.3)","I","A","LBY","GI_AII_96","_Z","_Z","_Z","0_TO_100","_Z","_Z","_Z","2017","25.0","_Z","IX","2","GI_AII","602","0","A","PU","Annual","Libya","In practice, roads/bridges networks between towns and cities exist and are maintained.","Not applicable","Not applicable","Not applicable","0-100 scale","Not Applicable","Not Applicable","Not Applicable","Not Applicable","Index","Two","Africa Integrity Indicators","CCYY","Units","Normal value","Public"
"datastructure","WB.DATA360:DS_DATA360(1.3)","I","A","LBY","GI_AII_96","_Z","_Z","_Z","0_TO_100","_Z","_Z","_Z","2018","25.0","_Z","IX","2","GI_AII","602","0","A","PU","Annual","Libya","In practice, roads/bridges networks between towns and cities exist and are maintained.","Not applicable","Not applicable","Not applicable","0-100 scale","Not Applicable","Not Applicable","Not Applicable","Not Applicable","Index","Two","Africa Integrity Indicators","CCYY","Units","Normal value","Public"
"datastructure","WB.DATA360:DS_DATA360(1.3)","I","A","MDG","GI_AII_96","_Z","_Z","_Z","0_TO_100","_Z","_Z","_Z","2014","50.0","_Z","IX","2","GI_AII","602","0","A","PU","Annual","Madagascar","In practice, roads/bridges networks between towns and cities exist and are maintained.","Not applicable","Not applicable","Not applicable","0-100 scale","Not Applicable","Not Applicable","Not Applicable","Not Applicable","Index","Two","Africa Integrity Indicators","CCYY","Units","Normal value","Public"
"datastructure","WB.DATA360:DS_DATA360(1.3)","I","A","MDG","GI_AII_96","_Z","_Z","_Z","0_TO_100","_Z","_Z","_Z","2015","50.0","_Z","IX","2","GI_AII","602","0","A","PU","Annual","Madagascar","In practice, roads/bridges networks between towns and cities exist and are maintained.","Not applicable","Not applicable","Not applicable","0-100 scale","Not Applicable","Not Applicable","Not Applicable","Not Applicable","Index","Two","Africa Integrity Indicators","CCYY","Units","Normal value","Public"
"datastructure","WB.DATA360:DS_DATA360(1.3)","I","A","MDG","GI_AII_96","_Z","_Z","_Z","0_TO_100","_Z","_Z","_Z","2016","50.0","_Z","IX","2","GI_AII","602","0","A","PU","Annual","Madagascar","In practice, roads/bridges networks between towns and cities exist and are maintained.","Not applicable","Not applicable","Not applicable","0-100 scale","Not Applicable","Not Applicable","Not Applicable","Not Applicable","Index","Two","Africa Integrity Indicators","CCYY","Units","Normal value","Public"
"datastructure","WB.DATA360:DS_DATA360(1.3)","I","A","MDG","GI_AII_96","_Z","_Z","_Z","0_TO_100","_Z","_Z","_Z","2017","50.0","_Z","IX","2","GI_AII","602","0","A","PU","Annual","Madagascar","In practice, roads/bridges networks between towns and cities exist and are maintained.","Not applicable","Not applicable","Not applicable","0-100 scale","Not Applicable","Not Applicable","Not Applicable","Not Applicable","Index","Two","Africa Integrity Indicators","CCYY","Units","Normal value","Public"
"datastructure","WB.DATA360:DS_DATA360(1.3)","I","A","MDG","GI_AII_96","_Z","_Z","_Z","0_TO_100","_Z","_Z","_Z","2018","0.0","_Z","IX","2","GI_AII","602","0","A","PU","Annual","Madagascar","In practice, roads/bridges networks between towns and cities exist and are maintained.","Not applicable","Not applicable","Not applicable","0-100 scale","Not Applicable","Not Applicable","Not Applicable","Not Applicable","Index","Two","Africa Integrity Indicators","CCYY","Units","Normal value","Public"
"datastructure","WB.DATA360:DS_DATA360(1.3)","I","A","MWI","GI_AII_96","_Z","_Z","_Z","0_TO_100","_Z","_Z","_Z","2014","50.0","_Z","IX","2","GI_AII","602","0","A","PU","Annual","Malawi","In practice, roads/bridges networks between towns and cities exist and are maintained.","Not applicable","Not applicable","Not applicable","0-100 scale","Not Applicable","Not Applicable","Not Applicable","Not Applicable","Index","Two","Africa Integrity Indicators","CCYY","Units","Normal value","Public"
"datastructure","WB.DATA360:DS_DATA360(1.3)","I","A","MWI","GI_AII_96","_Z","_Z","_Z","0_TO_100","_Z","_Z","_Z","2015","50.0","_Z","IX","2","GI_AII","602","0","A","PU","Annual","Malawi","In practice, roads/bridges networks between towns and cities exist and are maintained.","Not applicable","Not applicable","Not applicable","0-100 scale","Not Applicable","Not Applicable","Not Applicable","Not Applicable","Index","Two","Africa Integrity Indicators","CCYY","Units","Normal value","Public"
"datastructure","WB.DATA360:DS_DATA360(1.3)","I","A","MWI","GI_AII_96","_Z","_Z","_Z","0_TO_100","_Z","_Z","_Z","2016","50.0","_Z","IX","2","GI_AII","602","0","A","PU","Annual","Malawi","In practice, roads/bridges networks between towns and cities exist and are maintained.","Not applicable","Not applicable","Not applicable","0-100 scale","Not Applicable","Not Applicable","Not Applicable","Not Applicable","Index","Two","Africa Integrity Indicators","CCYY","Units","Normal value","Public"
"datastructure","WB.DATA360:DS_DATA360(1.3)","I","A","MWI","GI_AII_96","_Z","_Z","_Z","0_TO_100","_Z","_Z","_Z","2017","50.0","_Z","IX","2","GI_AII","602","0","A","PU","Annual","Malawi","In practice, roads/bridges networks between towns and cities exist and are maintained.","Not applicable","Not applicable","Not applicable","0-100 scale","Not Applicable","Not Applicable","Not Applicable","Not Applicable","Index","Two","Africa Integrity Indicators","CCYY","Units","Normal value","Public"
"datastructure","WB.DATA360:DS_DATA360(1.3)","I","A","MWI","GI_AII_96","_Z","_Z","_Z","0_TO_100","_Z","_Z","_Z","2018","50.0","_Z","IX","2","GI_AII","602","0","A","PU","Annual","Malawi","In practice, roads/bridges networks between towns and cities exist and are maintained.","Not applicable","Not applicable","Not applicable","0-100 scale","Not Applicable","Not Applicable","Not Applicable","Not Applicable","Index","Two","Africa Integrity Indicators","CCYY","Units","Normal value","Public"
"datastructure","WB.DATA360:DS_DATA360(1.3)","I","A","MLI","GI_AII_96","_Z","_Z","_Z","0_TO_100","_Z","_Z","_Z","2014","50.0","_Z","IX","2","GI_AII","602","0","A","PU","Annual","Mali","In practice, roads/bridges networks between towns and cities exist and are maintained.","Not applicable","Not applicable","Not applicable","0-100 scale","Not Applicable","Not Applicable","Not Applicable","Not Applicable","Index","Two","Africa Integrity Indicators","CCYY","Units","Normal value","Public"
"datastructure","WB.DATA360:DS_DATA360(1.3)","I","A","MLI","GI_AII_96","_Z","_Z","_Z","0_TO_100","_Z","_Z","_Z","2015","50.0","_Z","IX","2","GI_AII","602","0","A","PU","Annual","Mali","In practice, roads/bridges networks between towns and cities exist and are maintained.","Not applicable","Not applicable","Not applicable","0-100 scale","Not Applicable","Not Applicable","Not Applicable","Not Applicable","Index","Two","Africa Integrity Indicators","CCYY","Units","Normal value","Public"
"datastructure","WB.DATA360:DS_DATA360(1.3)","I","A","MLI","GI_AII_96","_Z","_Z","_Z","0_TO_100","_Z","_Z","_Z","2016","25.0","_Z","IX","2","GI_AII","602","0","A","PU","Annual","Mali","In practice, roads/bridges networks between towns and cities exist and are maintained.","Not applicable","Not applicable","Not applicable","0-100 scale","Not Applicable","Not Applicable","Not Applicable","Not Applicable","Index","Two","Africa Integrity Indicators","CCYY","Units","Normal value","Public"
"datastructure","WB.DATA360:DS_DATA360(1.3)","I","A","MLI","GI_AII_96","_Z","_Z","_Z","0_TO_100","_Z","_Z","_Z","2017","50.0","_Z","IX","2","GI_AII","602","0","A","PU","Annual","Mali","In practice, roads/bridges networks between towns and cities exist and are maintained.","Not applicable","Not applicable","Not applicable","0-100 scale","Not Applicable","Not Applicable","Not Applicable","Not Applicable","Index","Two","Africa Integrity Indicators","CCYY","Units","Normal value","Public"
"datastructure","WB.DATA360:DS_DATA360(1.3)","I","A","MLI","GI_AII_96","_Z","_Z","_Z","0_TO_100","_Z","_Z","_Z","2018","50.0","_Z","IX","2","GI_AII","602","0","A","PU","Annual","Mali","In practice, roads/bridges networks between towns and cities exist and are maintained.","Not applicable","Not applicable","Not applicable","0-100 scale","Not Applicable","Not Applicable","Not Applicable","Not Applicable","Index","Two","Africa Integrity Indicators","CCYY","Units","Normal value","Public"
"datastructure","WB.DATA360:DS_DATA360(1.3)","I","A","MRT","GI_AII_96","_Z","_Z","_Z","0_TO_100","_Z","_Z","_Z","2014","0.0","_Z","IX","2","GI_AII","602","0","A","PU","Annual","Mauritania","In practice, roads/bridges networks between towns and cities exist and are maintained.","Not applicable","Not applicable","Not applicable","0-100 scale","Not Applicable","Not Applicable","Not Applicable","Not Applicable","Index","Two","Africa Integrity Indicators","CCYY","Units","Normal value","Public"
"datastructure","WB.DATA360:DS_DATA360(1.3)","I","A","MRT","GI_AII_96","_Z","_Z","_Z","0_TO_100","_Z","_Z","_Z","2015","0.0","_Z","IX","2","GI_AII","602","0","A","PU","Annual","Mauritania","In practice, roads/bridges networks between towns and cities exist and are maintained.","Not applicable","Not applicable","Not applicable","0-100 scale","Not Applicable","Not Applicable","Not Applicable","Not Applicable","Index","Two","Africa Integrity Indicators","CCYY","Units","Normal value","Public"
"datastructure","WB.DATA360:DS_DATA360(1.3)","I","A","MRT","GI_AII_96","_Z","_Z","_Z","0_TO_100","_Z","_Z","_Z","2016","25.0","_Z","IX","2","GI_AII","602","0","A","PU","Annual","Mauritania","In practice, roads/bridges networks between towns and cities exist and are maintained.","Not applicable","Not applicable","Not applicable","0-100 scale","Not Applicable","Not Applicable","Not Applicable","Not Applicable","Index","Two","Africa Integrity Indicators","CCYY","Units","Normal value","Public"
"datastructure","WB.DATA360:DS_DATA360(1.3)","I","A","MRT","GI_AII_96","_Z","_Z","_Z","0_TO_100","_Z","_Z","_Z","2017","25.0","_Z","IX","2","GI_AII","602","0","A","PU","Annual","Mauritania","In practice, roads/bridges networks between towns and cities exist and are maintained.","Not applicable","Not applicable","Not applicable","0-100 scale","Not Applicable","Not Applicable","Not Applicable","Not Applicable","Index","Two","Africa Integrity Indicators","CCYY","Units","Normal value","Public"
"datastructure","WB.DATA360:DS_DATA360(1.3)","I","A","MRT","GI_AII_96","_Z","_Z","_Z","0_TO_100","_Z","_Z","_Z","2018","25.0","_Z","IX","2","GI_AII","602","0","A","PU","Annual","Mauritania","In practice, roads/bridges networks between towns and cities exist and are maintained.","Not applicable","Not applicable","Not applicable","0-100 scale","Not Applicable","Not Applicable","Not Applicable","Not Applicable","Index","Two","Africa Integrity Indicators","CCYY","Units","Normal value","Public"
"datastructure","WB.DATA360:DS_DATA360(1.3)","I","A","MUS","GI_AII_96","_Z","_Z","_Z","0_TO_100","_Z","_Z","_Z","2014","100.0","_Z","IX","2","GI_AII","602","0","A","PU","Annual","Mauritius","In practice, roads/bridges networks between towns and cities exist and are maintained.","Not applicable","Not applicable","Not applicable","0-100 scale","Not Applicable","Not Applicable","Not Applicable","Not Applicable","Index","Two","Africa Integrity Indicators","CCYY","Units","Normal value","Public"
"datastructure","WB.DATA360:DS_DATA360(1.3)","I","A","MUS","GI_AII_96","_Z","_Z","_Z","0_TO_100","_Z","_Z","_Z","2015","100.0","_Z","IX","2","GI_AII","602","0","A","PU","Annual","Mauritius","In practice, roads/bridges networks between towns and cities exist and are maintained.","Not applicable","Not applicable","Not applicable","0-100 scale","Not Applicable","Not Applicable","Not Applicable","Not Applicable","Index","Two","Africa Integrity Indicators","CCYY","Units","Normal value","Public"
"datastructure","WB.DATA360:DS_DATA360(1.3)","I","A","MUS","GI_AII_96","_Z","_Z","_Z","0_TO_100","_Z","_Z","_Z","2016","100.0","_Z","IX","2","GI_AII","602","0","A","PU","Annual","Mauritius","In practice, roads/bridges networks between towns and cities exist and are maintained.","Not applicable","Not applicable","Not applicable","0-100 scale","Not Applicable","Not Applicable","Not Applicable","Not Applicable","Index","Two","Africa Integrity Indicators","CCYY","Units","Normal value","Public"
"datastructure","WB.DATA360:DS_DATA360(1.3)","I","A","MUS","GI_AII_96","_Z","_Z","_Z","0_TO_100","_Z","_Z","_Z","2017","100.0","_Z","IX","2","GI_AII","602","0","A","PU","Annual","Mauritius","In practice, roads/bridges networks between towns and cities exist and are maintained.","Not applicable","Not applicable","Not applicable","0-100 scale","Not Applicable","Not Applicable","Not Applicable","Not Applicable","Index","Two","Africa Integrity Indicators","CCYY","Units","Normal value","Public"
"datastructure","WB.DATA360:DS_DATA360(1.3)","I","A","MUS","GI_AII_96","_Z","_Z","_Z","0_TO_100","_Z","_Z","_Z","2018","100.0","_Z","IX","2","GI_AII","602","0","A","PU","Annual","Mauritius","In practice, roads/bridges networks between towns and cities exist and are maintained.","Not applicable","Not applicable","Not applicable","0-100 scale","Not Applicable","Not Applicable","Not Applicable","Not Applicable","Index","Two","Africa Integrity Indicators","CCYY","Units","Normal value","Public"
"datastructure","WB.DATA360:DS_DATA360(1.3)","I","A","MAR","GI_AII_96","_Z","_Z","_Z","0_TO_100","_Z","_Z","_Z","2014","50.0","_Z","IX","2","GI_AII","602","0","A","PU","Annual","Morocco","In practice, roads/bridges networks between towns and cities exist and are maintained.","Not applicable","Not applicable","Not applicable","0-100 scale","Not Applicable","Not Applicable","Not Applicable","Not Applicable","Index","Two","Africa Integrity Indicators","CCYY","Units","Normal value","Public"
"datastructure","WB.DATA360:DS_DATA360(1.3)","I","A","MAR","GI_AII_96","_Z","_Z","_Z","0_TO_100","_Z","_Z","_Z","2015","25.0","_Z","IX","2","GI_AII","602","0","A","PU","Annual","Morocco","In practice, roads/bridges networks between towns and cities exist and are maintained.","Not applicable","Not applicable","Not applicable","0-100 scale","Not Applicable","Not Applicable","Not Applicable","Not Applicable","Index","Two","Africa Integrity Indicators","CCYY","Units","Normal value","Public"
"datastructure","WB.DATA360:DS_DATA360(1.3)","I","A","MAR","GI_AII_96","_Z","_Z","_Z","0_TO_100","_Z","_Z","_Z","2016","25.0","_Z","IX","2","GI_AII","602","0","A","PU","Annual","Morocco","In practice, roads/bridges networks between towns and cities exist and are maintained.","Not applicable","Not applicable","Not applicable","0-100 scale","Not Applicable","Not Applicable","Not Applicable","Not Applicable","Index","Two","Africa Integrity Indicators","CCYY","Units","Normal value","Public"
"datastructure","WB.DATA360:DS_DATA360(1.3)","I","A","MAR","GI_AII_96","_Z","_Z","_Z","0_TO_100","_Z","_Z","_Z","2017","50.0","_Z","IX","2","GI_AII","602","0","A","PU","Annual","Morocco","In practice, roads/bridges networks between towns and cities exist and are maintained.","Not applicable","Not applicable","Not applicable","0-100 scale","Not Applicable","Not Applicable","Not Applicable","Not Applicable","Index","Two","Africa Integrity Indicators","CCYY","Units","Normal value","Public"
"datastructure","WB.DATA360:DS_DATA360(1.3)","I","A","MAR","GI_AII_96","_Z","_Z","_Z","0_TO_100","_Z","_Z","_Z","2018","50.0","_Z","IX","2","GI_AII","602","0","A","PU","Annual","Morocco","In practice, roads/bridges networks between towns and cities exist and are maintained.","Not applicable","Not applicable","Not applicable","0-100 scale","Not Applicable","Not Applicable","Not Applicable","Not Applicable","Index","Two","Africa Integrity Indicators","CCYY","Units","Normal value","Public"
"datastructure","WB.DATA360:DS_DATA360(1.3)","I","A","MOZ","GI_AII_96","_Z","_Z","_Z","0_TO_100","_Z","_Z","_Z","2014","50.0","_Z","IX","2","GI_AII","602","0","A","PU","Annual","Mozambique","In practice, roads/bridges networks between towns and cities exist and are maintained.","Not applicable","Not applicable","Not applicable","0-100 scale","Not Applicable","Not Applicable","Not Applicable","Not Applicable","Index","Two","Africa Integrity Indicators","CCYY","Units","Normal value","Public"
"datastructure","WB.DATA360:DS_DATA360(1.3)","I","A","MOZ","GI_AII_96","_Z","_Z","_Z","0_TO_100","_Z","_Z","_Z","2015","50.0","_Z","IX","2","GI_AII","602","0","A","PU","Annual","Mozambique","In practice, roads/bridges networks between towns and cities exist and are maintained.","Not applicable","Not applicable","Not applicable","0-100 scale","Not Applicable","Not Applicable","Not Applicable","Not Applicable","Index","Two","Africa Integrity Indicators","CCYY","Units","Normal value","Public"
"datastructure","WB.DATA360:DS_DATA360(1.3)","I","A","MOZ","GI_AII_96","_Z","_Z","_Z","0_TO_100","_Z","_Z","_Z","2016","0.0","_Z","IX","2","GI_AII","602","0","A","PU","Annual","Mozambique","In practice, roads/bridges networks between towns and cities exist and are maintained.","Not applicable","Not applicable","Not applicable","0-100 scale","Not Applicable","Not Applicable","Not Applicable","Not Applicable","Index","Two","Africa Integrity Indicators","CCYY","Units","Normal value","Public"
"datastructure","WB.DATA360:DS_DATA360(1.3)","I","A","MOZ","GI_AII_96","_Z","_Z","_Z","0_TO_100","_Z","_Z","_Z","2017","25.0","_Z","IX","2","GI_AII","602","0","A","PU","Annual","Mozambique","In practice, roads/bridges networks between towns and cities exist and are maintained.","Not applicable","Not applicable","Not applicable","0-100 scale","Not Applicable","Not Applicable","Not Applicable","Not Applicable","Index","Two","Africa Integrity Indicators","CCYY","Units","Normal value","Public"
"datastructure","WB.DATA360:DS_DATA360(1.3)","I","A","MOZ","GI_AII_96","_Z","_Z","_Z","0_TO_100","_Z","_Z","_Z","2018","25.0","_Z","IX","2","GI_AII","602","0","A","PU","Annual","Mozambique","In practice, roads/bridges networks between towns and cities exist and are maintained.","Not applicable","Not applicable","Not applicable","0-100 scale","Not Applicable","Not Applicable","Not Applicable","Not Applicable","Index","Two","Africa Integrity Indicators","CCYY","Units","Normal value","Public"
"datastructure","WB.DATA360:DS_DATA360(1.3)","I","A","NAM","GI_AII_96","_Z","_Z","_Z","0_TO_100","_Z","_Z","_Z","2014","50.0","_Z","IX","2","GI_AII","602","0","A","PU","Annual","Namibia","In practice, roads/bridges networks between towns and cities exist and are maintained.","Not applicable","Not applicable","Not applicable","0-100 scale","Not Applicable","Not Applicable","Not Applicable","Not Applicable","Index","Two","Africa Integrity Indicators","CCYY","Units","Normal value","Public"
"datastructure","WB.DATA360:DS_DATA360(1.3)","I","A","NAM","GI_AII_96","_Z","_Z","_Z","0_TO_100","_Z","_Z","_Z","2015","25.0","_Z","IX","2","GI_AII","602","0","A","PU","Annual","Namibia","In practice, roads/bridges networks between towns and cities exist and are maintained.","Not applicable","Not applicable","Not applicable","0-100 scale","Not Applicable","Not Applicable","Not Applicable","Not Applicable","Index","Two","Africa Integrity Indicators","CCYY","Units","Normal value","Public"
"datastructure","WB.DATA360:DS_DATA360(1.3)","I","A","NAM","GI_AII_96","_Z","_Z","_Z","0_TO_100","_Z","_Z","_Z","2016","75.0","_Z","IX","2","GI_AII","602","0","A","PU","Annual","Namibia","In practice, roads/bridges networks between towns and cities exist and are maintained.","Not applicable","Not applicable","Not applicable","0-100 scale","Not Applicable","Not Applicable","Not Applicable","Not Applicable","Index","Two","Africa Integrity Indicators","CCYY","Units","Normal value","Public"
"datastructure","WB.DATA360:DS_DATA360(1.3)","I","A","NAM","GI_AII_96","_Z","_Z","_Z","0_TO_100","_Z","_Z","_Z","2017","50.0","_Z","IX","2","GI_AII","602","0","A","PU","Annual","Namibia","In practice, roads/bridges networks between towns and cities exist and are maintained.","Not applicable","Not applicable","Not applicable","0-100 scale","Not Applicable","Not Applicable","Not Applicable","Not Applicable","Index","Two","Africa Integrity Indicators","CCYY","Units","Normal value","Public"
"datastructure","WB.DATA360:DS_DATA360(1.3)","I","A","NAM","GI_AII_96","_Z","_Z","_Z","0_TO_100","_Z","_Z","_Z","2018","50.0","_Z","IX","2","GI_AII","602","0","A","PU","Annual","Namibia","In practice, roads/bridges networks between towns and cities exist and are maintained.","Not applicable","Not applicable","Not applicable","0-100 scale","Not Applicable","Not Applicable","Not Applicable","Not Applicable","Index","Two","Africa Integrity Indicators","CCYY","Units","Normal value","Public"
"datastructure","WB.DATA360:DS_DATA360(1.3)","I","A","NER","GI_AII_96","_Z","_Z","_Z","0_TO_100","_Z","_Z","_Z","2014","25.0","_Z","IX","2","GI_AII","602","0","A","PU","Annual","Niger","In practice, roads/bridges networks between towns and cities exist and are maintained.","Not applicable","Not applicable","Not applicable","0-100 scale","Not Applicable","Not Applicable","Not Applicable","Not Applicable","Index","Two","Africa Integrity Indicators","CCYY","Units","Normal value","Public"
"datastructure","WB.DATA360:DS_DATA360(1.3)","I","A","NER","GI_AII_96","_Z","_Z","_Z","0_TO_100","_Z","_Z","_Z","2015","25.0","_Z","IX","2","GI_AII","602","0","A","PU","Annual","Niger","In practice, roads/bridges networks between towns and cities exist and are maintained.","Not applicable","Not applicable","Not applicable","0-100 scale","Not Applicable","Not Applicable","Not Applicable","Not Applicable","Index","Two","Africa Integrity Indicators","CCYY","Units","Normal value","Public"
"datastructure","WB.DATA360:DS_DATA360(1.3)","I","A","NER","GI_AII_96","_Z","_Z","_Z","0_TO_100","_Z","_Z","_Z","2016","25.0","_Z","IX","2","GI_AII","602","0","A","PU","Annual","Niger","In practice, roads/bridges networks between towns and cities exist and are maintained.","Not applicable","Not applicable","Not applicable","0-100 scale","Not Applicable","Not Applicable","Not Applicable","Not Applicable","Index","Two","Africa Integrity Indicators","CCYY","Units","Normal value","Public"
"datastructure","WB.DATA360:DS_DATA360(1.3)","I","A","NER","GI_AII_96","_Z","_Z","_Z","0_TO_100","_Z","_Z","_Z","2017","25.0","_Z","IX","2","GI_AII","602","0","A","PU","Annual","Niger","In practice, roads/bridges networks between towns and cities exist and are maintained.","Not applicable","Not applicable","Not applicable","0-100 scale","Not Applicable","Not Applicable","Not Applicable","Not Applicable","Index","Two","Africa Integrity Indicators","CCYY","Units","Normal value","Public"
"datastructure","WB.DATA360:DS_DATA360(1.3)","I","A","NER","GI_AII_96","_Z","_Z","_Z","0_TO_100","_Z","_Z","_Z","2018","25.0","_Z","IX","2","GI_AII","602","0","A","PU","Annual","Niger","In practice, roads/bridges networks between towns and cities exist and are maintained.","Not applicable","Not applicable","Not applicable","0-100 scale","Not Applicable","Not Applicable","Not Applicable","Not Applicable","Index","Two","Africa Integrity Indicators","CCYY","Units","Normal value","Public"
"datastructure","WB.DATA360:DS_DATA360(1.3)","I","A","NGA","GI_AII_96","_Z","_Z","_Z","0_TO_100","_Z","_Z","_Z","2014","0.0","_Z","IX","2","GI_AII","602","0","A","PU","Annual","Nigeria","In practice, roads/bridges networks between towns and cities exist and are maintained.","Not applicable","Not applicable","Not applicable","0-100 scale","Not Applicable","Not Applicable","Not Applicable","Not Applicable","Index","Two","Africa Integrity Indicators","CCYY","Units","Normal value","Public"
"datastructure","WB.DATA360:DS_DATA360(1.3)","I","A","NGA","GI_AII_96","_Z","_Z","_Z","0_TO_100","_Z","_Z","_Z","2015","0.0","_Z","IX","2","GI_AII","602","0","A","PU","Annual","Nigeria","In practice, roads/bridges networks between towns and cities exist and are maintained.","Not applicable","Not applicable","Not applicable","0-100 scale","Not Applicable","Not Applicable","Not Applicable","Not Applicable","Index","Two","Africa Integrity Indicators","CCYY","Units","Normal value","Public"
"datastructure","WB.DATA360:DS_DATA360(1.3)","I","A","NGA","GI_AII_96","_Z","_Z","_Z","0_TO_100","_Z","_Z","_Z","2016","25.0","_Z","IX","2","GI_AII","602","0","A","PU","Annual","Nigeria","In practice, roads/bridges networks between towns and cities exist and are maintained.","Not applicable","Not applicable","Not applicable","0-100 scale","Not Applicable","Not Applicable","Not Applicable","Not Applicable","Index","Two","Africa Integrity Indicators","CCYY","Units","Normal value","Public"
"datastructure","WB.DATA360:DS_DATA360(1.3)","I","A","NGA","GI_AII_96","_Z","_Z","_Z","0_TO_100","_Z","_Z","_Z","2017","50.0","_Z","IX","2","GI_AII","602","0","A","PU","Annual","Nigeria","In practice, roads/bridges networks between towns and cities exist and are maintained.","Not applicable","Not applicable","Not applicable","0-100 scale","Not Applicable","Not Applicable","Not Applicable","Not Applicable","Index","Two","Africa Integrity Indicators","CCYY","Units","Normal value","Public"
"datastructure","WB.DATA360:DS_DATA360(1.3)","I","A","NGA","GI_AII_96","_Z","_Z","_Z","0_TO_100","_Z","_Z","_Z","2018","50.0","_Z","IX","2","GI_AII","602","0","A","PU","Annual","Nigeria","In practice, roads/bridges networks between towns and cities exist and are maintained.","Not applicable","Not applicable","Not applicable","0-100 scale","Not Applicable","Not Applicable","Not Applicable","Not Applicable","Index","Two","Africa Integrity Indicators","CCYY","Units","Normal value","Public"
"datastructure","WB.DATA360:DS_DATA360(1.3)","I","A","RWA","GI_AII_96","_Z","_Z","_Z","0_TO_100","_Z","_Z","_Z","2014","50.0","_Z","IX","2","GI_AII","602","0","A","PU","Annual","Rwanda","In practice, roads/bridges networks between towns and cities exist and are maintained.","Not applicable","Not applicable","Not applicable","0-100 scale","Not Applicable","Not Applicable","Not Applicable","Not Applicable","Index","Two","Africa Integrity Indicators","CCYY","Units","Normal value","Public"
"datastructure","WB.DATA360:DS_DATA360(1.3)","I","A","RWA","GI_AII_96","_Z","_Z","_Z","0_TO_100","_Z","_Z","_Z","2015","25.0","_Z","IX","2","GI_AII","602","0","A","PU","Annual","Rwanda","In practice, roads/bridges networks between towns and cities exist and are maintained.","Not applicable","Not applicable","Not applicable","0-100 scale","Not Applicable","Not Applicable","Not Applicable","Not Applicable","Index","Two","Africa Integrity Indicators","CCYY","Units","Normal value","Public"
"datastructure","WB.DATA360:DS_DATA360(1.3)","I","A","RWA","GI_AII_96","_Z","_Z","_Z","0_TO_100","_Z","_Z","_Z","2016","50.0","_Z","IX","2","GI_AII","602","0","A","PU","Annual","Rwanda","In practice, roads/bridges networks between towns and cities exist and are maintained.","Not applicable","Not applicable","Not applicable","0-100 scale","Not Applicable","Not Applicable","Not Applicable","Not Applicable","Index","Two","Africa Integrity Indicators","CCYY","Units","Normal value","Public"
"datastructure","WB.DATA360:DS_DATA360(1.3)","I","A","RWA","GI_AII_96","_Z","_Z","_Z","0_TO_100","_Z","_Z","_Z","2017","75.0","_Z","IX","2","GI_AII","602","0","A","PU","Annual","Rwanda","In practice, roads/bridges networks between towns and cities exist and are maintained.","Not applicable","Not applicable","Not applicable","0-100 scale","Not Applicable","Not Applicable","Not Applicable","Not Applicable","Index","Two","Africa Integrity Indicators","CCYY","Units","Normal value","Public"
"datastructure","WB.DATA360:DS_DATA360(1.3)","I","A","RWA","GI_AII_96","_Z","_Z","_Z","0_TO_100","_Z","_Z","_Z","2018","75.0","_Z","IX","2","GI_AII","602","0","A","PU","Annual","Rwanda","In practice, roads/bridges networks between towns and cities exist and are maintained.","Not applicable","Not applicable","Not applicable","0-100 scale","Not Applicable","Not Applicable","Not Applicable","Not Applicable","Index","Two","Africa Integrity Indicators","CCYY","Units","Normal value","Public"
"datastructure","WB.DATA360:DS_DATA360(1.3)","I","A","STP","GI_AII_96","_Z","_Z","_Z","0_TO_100","_Z","_Z","_Z","2014","50.0","_Z","IX","2","GI_AII","602","0","A","PU","Annual","São Tomé and Príncipe","In practice, roads/bridges networks between towns and cities exist and are maintained.","Not applicable","Not applicable","Not applicable","0-100 scale","Not Applicable","Not Applicable","Not Applicable","Not Applicable","Index","Two","Africa Integrity Indicators","CCYY","Units","Normal value","Public"
"datastructure","WB.DATA360:DS_DATA360(1.3)","I","A","STP","GI_AII_96","_Z","_Z","_Z","0_TO_100","_Z","_Z","_Z","2015","75.0","_Z","IX","2","GI_AII","602","0","A","PU","Annual","São Tomé and Príncipe","In practice, roads/bridges networks between towns and cities exist and are maintained.","Not applicable","Not applicable","Not applicable","0-100 scale","Not Applicable","Not Applicable","Not Applicable","Not Applicable","Index","Two","Africa Integrity Indicators","CCYY","Units","Normal value","Public"
"datastructure","WB.DATA360:DS_DATA360(1.3)","I","A","STP","GI_AII_96","_Z","_Z","_Z","0_TO_100","_Z","_Z","_Z","2016","75.0","_Z","IX","2","GI_AII","602","0","A","PU","Annual","São Tomé and Príncipe","In practice, roads/bridges networks between towns and cities exist and are maintained.","Not applicable","Not applicable","Not applicable","0-100 scale","Not Applicable","Not Applicable","Not Applicable","Not Applicable","Index","Two","Africa Integrity Indicators","CCYY","Units","Normal value","Public"
"datastructure","WB.DATA360:DS_DATA360(1.3)","I","A","STP","GI_AII_96","_Z","_Z","_Z","0_TO_100","_Z","_Z","_Z","2017","50.0","_Z","IX","2","GI_AII","602","0","A","PU","Annual","São Tomé and Príncipe","In practice, roads/bridges networks between towns and cities exist and are maintained.","Not applicable","Not applicable","Not applicable","0-100 scale","Not Applicable","Not Applicable","Not Applicable","Not Applicable","Index","Two","Africa Integrity Indicators","CCYY","Units","Normal value","Public"
"datastructure","WB.DATA360:DS_DATA360(1.3)","I","A","STP","GI_AII_96","_Z","_Z","_Z","0_TO_100","_Z","_Z","_Z","2018","50.0","_Z","IX","2","GI_AII","602","0","A","PU","Annual","São Tomé and Príncipe","In practice, roads/bridges networks between towns and cities exist and are maintained.","Not applicable","Not applicable","Not applicable","0-100 scale","Not Applicable","Not Applicable","Not Applicable","Not Applicable","Index","Two","Africa Integrity Indicators","CCYY","Units","Normal value","Public"
"datastructure","WB.DATA360:DS_DATA360(1.3)","I","A","SEN","GI_AII_96","_Z","_Z","_Z","0_TO_100","_Z","_Z","_Z","2014","75.0","_Z","IX","2","GI_AII","602","0","A","PU","Annual","Senegal","In practice, roads/bridges networks between towns and cities exist and are maintained.","Not applicable","Not applicable","Not applicable","0-100 scale","Not Applicable","Not Applicable","Not Applicable","Not Applicable","Index","Two","Africa Integrity Indicators","CCYY","Units","Normal value","Public"
"datastructure","WB.DATA360:DS_DATA360(1.3)","I","A","SEN","GI_AII_96","_Z","_Z","_Z","0_TO_100","_Z","_Z","_Z","2015","75.0","_Z","IX","2","GI_AII","602","0","A","PU","Annual","Senegal","In practice, roads/bridges networks between towns and cities exist and are maintained.","Not applicable","Not applicable","Not applicable","0-100 scale","Not Applicable","Not Applicable","Not Applicable","Not Applicable","Index","Two","Africa Integrity Indicators","CCYY","Units","Normal value","Public"
"datastructure","WB.DATA360:DS_DATA360(1.3)","I","A","SEN","GI_AII_96","_Z","_Z","_Z","0_TO_100","_Z","_Z","_Z","2016","75.0","_Z","IX","2","GI_AII","602","0","A","PU","Annual","Senegal","In practice, roads/bridges networks between towns and cities exist and are maintained.","Not applicable","Not applicable","Not applicable","0-100 scale","Not Applicable","Not Applicable","Not Applicable","Not Applicable","Index","Two","Africa Integrity Indicators","CCYY","Units","Normal value","Public"
"datastructure","WB.DATA360:DS_DATA360(1.3)","I","A","SEN","GI_AII_96","_Z","_Z","_Z","0_TO_100","_Z","_Z","_Z","2017","75.0","_Z","IX","2","GI_AII","602","0","A","PU","Annual","Senegal","In practice, roads/bridges networks between towns and cities exist and are maintained.","Not applicable","Not applicable","Not applicable","0-100 scale","Not Applicable","Not Applicable","Not Applicable","Not Applicable","Index","Two","Africa Integrity Indicators","CCYY","Units","Normal value","Public"
"datastructure","WB.DATA360:DS_DATA360(1.3)","I","A","CIV","GI_AII_96","_Z","_Z","_Z","0_TO_100","_Z","_Z","_Z","2016","50.0","_Z","IX","2","GI_AII","602","0","A","PU","Annual","Côte d’Ivoire","In practice, roads/bridges networks between towns and cities exist and are maintained.","Not applicable","Not applicable","Not applicable","0-100 scale","Not Applicable","Not Applicable","Not Applicable","Not Applicable","Index","Two","Africa Integrity Indicators","CCYY","Units","Normal value","Public"
"datastructure","WB.DATA360:DS_DATA360(1.3)","I","A","CIV","GI_AII_96","_Z","_Z","_Z","0_TO_100","_Z","_Z","_Z","2017","50.0","_Z","IX","2","GI_AII","602","0","A","PU","Annual","Côte d’Ivoire","In practice, roads/bridges networks between towns and cities exist and are maintained.","Not applicable","Not applicable","Not applicable","0-100 scale","Not Applicable","Not Applicable","Not Applicable","Not Applicable","Index","Two","Africa Integrity Indicators","CCYY","Units","Normal value","Public"
"datastructure","WB.DATA360:DS_DATA360(1.3)","I","A","CIV","GI_AII_96","_Z","_Z","_Z","0_TO_100","_Z","_Z","_Z","2018","50.0","_Z","IX","2","GI_AII","602","0","A","PU","Annual","Côte d’Ivoire","In practice, roads/bridges networks between towns and cities exist and are maintained.","Not applicable","Not applicable","Not applicable","0-100 scale","Not Applicable","Not Applicable","Not Applicable","Not Applicable","Index","Two","Africa Integrity Indicators","CCYY","Units","Normal value","Public"
"datastructure","WB.DATA360:DS_DATA360(1.3)","I","A","SYC","GI_AII_96","_Z","_Z","_Z","0_TO_100","_Z","_Z","_Z","2014","100.0","_Z","IX","2","GI_AII","602","0","A","PU","Annual","Seychelles","In practice, roads/bridges networks between towns and cities exist and are maintained.","Not applicable","Not applicable","Not applicable","0-100 scale","Not Applicable","Not Applicable","Not Applicable","Not Applicable","Index","Two","Africa Integrity Indicators","CCYY","Units","Normal value","Public"
"datastructure","WB.DATA360:DS_DATA360(1.3)","I","A","SYC","GI_AII_96","_Z","_Z","_Z","0_TO_100","_Z","_Z","_Z","2015","50.0","_Z","IX","2","GI_AII","602","0","A","PU","Annual","Seychelles","In practice, roads/bridges networks between towns and cities exist and are maintained.","Not applicable","Not applicable","Not applicable","0-100 scale","Not Applicable","Not Applicable","Not Applicable","Not Applicable","Index","Two","Africa Integrity Indicators","CCYY","Units","Normal value","Public"
"datastructure","WB.DATA360:DS_DATA360(1.3)","I","A","SYC","GI_AII_96","_Z","_Z","_Z","0_TO_100","_Z","_Z","_Z","2016","50.0","_Z","IX","2","GI_AII","602","0","A","PU","Annual","Seychelles","In practice, roads/bridges networks between towns and cities exist and are maintained.","Not applicable","Not applicable","Not applicable","0-100 scale","Not Applicable","Not Applicable","Not Applicable","Not Applicable","Index","Two","Africa Integrity Indicators","CCYY","Units","Normal value","Public"
"datastructure","WB.DATA360:DS_DATA360(1.3)","I","A","SYC","GI_AII_96","_Z","_Z","_Z","0_TO_100","_Z","_Z","_Z","2017","100.0","_Z","IX","2","GI_AII","602","0","A","PU","Annual","Seychelles","In practice, roads/bridges networks between towns and cities exist and are maintained.","Not applicable","Not applicable","Not applicable","0-100 scale","Not Applicable","Not Applicable","Not Applicable","Not Applicable","Index","Two","Africa Integrity Indicators","CCYY","Units","Normal value","Public"
"datastructure","WB.DATA360:DS_DATA360(1.3)","I","A","SYC","GI_AII_96","_Z","_Z","_Z","0_TO_100","_Z","_Z","_Z","2018","75.0","_Z","IX","2","GI_AII","602","0","A","PU","Annual","Seychelles","In practice, roads/bridges networks between towns and cities exist and are maintained.","Not applicable","Not applicable","Not applicable","0-100 scale","Not Applicable","Not Applicable","Not Applicable","Not Applicable","Index","Two","Africa Integrity Indicators","CCYY","Units","Normal value","Public"
"datastructure","WB.DATA360:DS_DATA360(1.3)","I","A","SLE","GI_AII_96","_Z","_Z","_Z","0_TO_100","_Z","_Z","_Z","2014","25.0","_Z","IX","2","GI_AII","602","0","A","PU","Annual","Sierra Leone","In practice, roads/bridges networks between towns and cities exist and are maintained.","Not applicable","Not applicable","Not applicable","0-100 scale","Not Applicable","Not Applicable","Not Applicable","Not Applicable","Index","Two","Africa Integrity Indicators","CCYY","Units","Normal value","Public"
"datastructure","WB.DATA360:DS_DATA360(1.3)","I","A","SLE","GI_AII_96","_Z","_Z","_Z","0_TO_100","_Z","_Z","_Z","2015","25.0","_Z","IX","2","GI_AII","602","0","A","PU","Annual","Sierra Leone","In practice, roads/bridges networks between towns and cities exist and are maintained.","Not applicable","Not applicable","Not applicable","0-100 scale","Not Applicable","Not Applicable","Not Applicable","Not Applicable","Index","Two","Africa Integrity Indicators","CCYY","Units","Normal value","Public"
"datastructure","WB.DATA360:DS_DATA360(1.3)","I","A","SLE","GI_AII_96","_Z","_Z","_Z","0_TO_100","_Z","_Z","_Z","2016","50.0","_Z","IX","2","GI_AII","602","0","A","PU","Annual","Sierra Leone","In practice, roads/bridges networks between towns and cities exist and are maintained.","Not applicable","Not applicable","Not applicable","0-100 scale","Not Applicable","Not Applicable","Not Applicable","Not Applicable","Index","Two","Africa Integrity Indicators","CCYY","Units","Normal value","Public"
"datastructure","WB.DATA360:DS_DATA360(1.3)","I","A","SLE","GI_AII_96","_Z","_Z","_Z","0_TO_100","_Z","_Z","_Z","2017","50.0","_Z","IX","2","GI_AII","602","0","A","PU","Annual","Sierra Leone","In practice, roads/bridges networks between towns and cities exist and are maintained.","Not applicable","Not applicable","Not applicable","0-100 scale","Not Applicable","Not Applicable","Not Applicable","Not Applicable","Index","Two","Africa Integrity Indicators","CCYY","Units","Normal value","Public"
"datastructure","WB.DATA360:DS_DATA360(1.3)","I","A","SLE","GI_AII_96","_Z","_Z","_Z","0_TO_100","_Z","_Z","_Z","2018","50.0","_Z","IX","2","GI_AII","602","0","A","PU","Annual","Sierra Leone","In practice, roads/bridges networks between towns and cities exist and are maintained.","Not applicable","Not applicable","Not applicable","0-100 scale","Not Applicable","Not Applicable","Not Applicable","Not Applicable","Index","Two","Africa Integrity Indicators","CCYY","Units","Normal value","Public"
"datastructure","WB.DATA360:DS_DATA360(1.3)","I","A","SOM","GI_AII_96","_Z","_Z","_Z","0_TO_100","_Z","_Z","_Z","2014","0.0","_Z","IX","2","GI_AII","602","0","A","PU","Annual","Somalia, Federal Republic of","In practice, roads/bridges networks between towns and cities exist and are maintained.","Not applicable","Not applicable","Not applicable","0-100 scale","Not Applicable","Not Applicable","Not Applicable","Not Applicable","Index","Two","Africa Integrity Indicators","CCYY","Units","Normal value","Public"
"datastructure","WB.DATA360:DS_DATA360(1.3)","I","A","SOM","GI_AII_96","_Z","_Z","_Z","0_TO_100","_Z","_Z","_Z","2015","0.0","_Z","IX","2","GI_AII","602","0","A","PU","Annual","Somalia, Federal Republic of","In practice, roads/bridges networks between towns and cities exist and are maintained.","Not applicable","Not applicable","Not applicable","0-100 scale","Not Applicable","Not Applicable","Not Applicable","Not Applicable","Index","Two","Africa Integrity Indicators","CCYY","Units","Normal value","Public"
"datastructure","WB.DATA360:DS_DATA360(1.3)","I","A","SOM","GI_AII_96","_Z","_Z","_Z","0_TO_100","_Z","_Z","_Z","2016","0.0","_Z","IX","2","GI_AII","602","0","A","PU","Annual","Somalia, Federal Republic of","In practice, roads/bridges networks between towns and cities exist and are maintained.","Not applicable","Not applicable","Not applicable","0-100 scale","Not Applicable","Not Applicable","Not Applicable","Not Applicable","Index","Two","Africa Integrity Indicators","CCYY","Units","Normal value","Public"
"datastructure","WB.DATA360:DS_DATA360(1.3)","I","A","SOM","GI_AII_96","_Z","_Z","_Z","0_TO_100","_Z","_Z","_Z","2017","0.0","_Z","IX","2","GI_AII","602","0","A","PU","Annual","Somalia, Federal Republic of","In practice, roads/bridges networks between towns and cities exist and are maintained.","Not applicable","Not applicable","Not applicable","0-100 scale","Not Applicable","Not Applicable","Not Applicable","Not Applicable","Index","Two","Africa Integrity Indicators","CCYY","Units","Normal value","Public"
"datastructure","WB.DATA360:DS_DATA360(1.3)","I","A","SOM","GI_AII_96","_Z","_Z","_Z","0_TO_100","_Z","_Z","_Z","2018","0.0","_Z","IX","2","GI_AII","602","0","A","PU","Annual","Somalia, Federal Republic of","In practice, roads/bridges networks between towns and cities exist and are maintained.","Not applicable","Not applicable","Not applicable","0-100 scale","Not Applicable","Not Applicable","Not Applicable","Not Applicable","Index","Two","Africa Integrity Indicators","CCYY","Units","Normal value","Public"
"datastructure","WB.DATA360:DS_DATA360(1.3)","I","A","ZAF","GI_AII_96","_Z","_Z","_Z","0_TO_100","_Z","_Z","_Z","2014","50.0","_Z","IX","2","GI_AII","602","0","A","PU","Annual","South Africa","In practice, roads/bridges networks between towns and cities exist and are maintained.","Not applicable","Not applicable","Not applicable","0-100 scale","Not Applicable","Not Applicable","Not Applicable","Not Applicable","Index","Two","Africa Integrity Indicators","CCYY","Units","Normal value","Public"
"datastructure","WB.DATA360:DS_DATA360(1.3)","I","A","ZAF","GI_AII_96","_Z","_Z","_Z","0_TO_100","_Z","_Z","_Z","2015","25.0","_Z","IX","2","GI_AII","602","0","A","PU","Annual","South Africa","In practice, roads/bridges networks between towns and cities exist and are maintained.","Not applicable","Not applicable","Not applicable","0-100 scale","Not Applicable","Not Applicable","Not Applicable","Not Applicable","Index","Two","Africa Integrity Indicators","CCYY","Units","Normal value","Public"
"datastructure","WB.DATA360:DS_DATA360(1.3)","I","A","ZAF","GI_AII_96","_Z","_Z","_Z","0_TO_100","_Z","_Z","_Z","2016","50.0","_Z","IX","2","GI_AII","602","0","A","PU","Annual","South Africa","In practice, roads/bridges networks between towns and cities exist and are maintained.","Not applicable","Not applicable","Not applicable","0-100 scale","Not Applicable","Not Applicable","Not Applicable","Not Applicable","Index","Two","Africa Integrity Indicators","CCYY","Units","Normal value","Public"
"datastructure","WB.DATA360:DS_DATA360(1.3)","I","A","ZAF","GI_AII_96","_Z","_Z","_Z","0_TO_100","_Z","_Z","_Z","2017","50.0","_Z","IX","2","GI_AII","602","0","A","PU","Annual","South Africa","In practice, roads/bridges networks between towns and cities exist and are maintained.","Not applicable","Not applicable","Not applicable","0-100 scale","Not Applicable","Not Applicable","Not Applicable","Not Applicable","Index","Two","Africa Integrity Indicators","CCYY","Units","Normal value","Public"
"datastructure","WB.DATA360:DS_DATA360(1.3)","I","A","ZAF","GI_AII_96","_Z","_Z","_Z","0_TO_100","_Z","_Z","_Z","2018","50.0","_Z","IX","2","GI_AII","602","0","A","PU","Annual","South Africa","In practice, roads/bridges networks between towns and cities exist and are maintained.","Not applicable","Not applicable","Not applicable","0-100 scale","Not Applicable","Not Applicable","Not Applicable","Not Applicable","Index","Two","Africa Integrity Indicators","CCYY","Units","Normal value","Public"
"datastructure","WB.DATA360:DS_DATA360(1.3)","I","A","SSD","GI_AII_96","_Z","_Z","_Z","0_TO_100","_Z","_Z","_Z","2014","0.0","_Z","IX","2","GI_AII","602","0","A","PU","Annual","South Sudan","In practice, roads/bridges networks between towns and cities exist and are maintained.","Not applicable","Not applicable","Not applicable","0-100 scale","Not Applicable","Not Applicable","Not Applicable","Not Applicable","Index","Two","Africa Integrity Indicators","CCYY","Units","Normal value","Public"
"datastructure","WB.DATA360:DS_DATA360(1.3)","I","A","SSD","GI_AII_96","_Z","_Z","_Z","0_TO_100","_Z","_Z","_Z","2015","0.0","_Z","IX","2","GI_AII","602","0","A","PU","Annual","South Sudan","In practice, roads/bridges networks between towns and cities exist and are maintained.","Not applicable","Not applicable","Not applicable","0-100 scale","Not Applicable","Not Applicable","Not Applicable","Not Applicable","Index","Two","Africa Integrity Indicators","CCYY","Units","Normal value","Public"
"datastructure","WB.DATA360:DS_DATA360(1.3)","I","A","SSD","GI_AII_96","_Z","_Z","_Z","0_TO_100","_Z","_Z","_Z","2016","0.0","_Z","IX","2","GI_AII","602","0","A","PU","Annual","South Sudan","In practice, roads/bridges networks between towns and cities exist and are maintained.","Not applicable","Not applicable","Not applicable","0-100 scale","Not Applicable","Not Applicable","Not Applicable","Not Applicable","Index","Two","Africa Integrity Indicators","CCYY","Units","Normal value","Public"
"datastructure","WB.DATA360:DS_DATA360(1.3)","I","A","SSD","GI_AII_96","_Z","_Z","_Z","0_TO_100","_Z","_Z","_Z","2017","25.0","_Z","IX","2","GI_AII","602","0","A","PU","Annual","South Sudan","In practice, roads/bridges networks between towns and cities exist and are maintained.","Not applicable","Not applicable","Not applicable","0-100 scale","Not Applicable","Not Applicable","Not Applicable","Not Applicable","Index","Two","Africa Integrity Indicators","CCYY","Units","Normal value","Public"
"datastructure","WB.DATA360:DS_DATA360(1.3)","I","A","SSD","GI_AII_96","_Z","_Z","_Z","0_TO_100","_Z","_Z","_Z","2018","25.0","_Z","IX","2","GI_AII","602","0","A","PU","Annual","South Sudan","In practice, roads/bridges networks between towns and cities exist and are maintained.","Not applicable","Not applicable","Not applicable","0-100 scale","Not Applicable","Not Applicable","Not Applicable","Not Applicable","Index","Two","Africa Integrity Indicators","CCYY","Units","Normal value","Public"
"datastructure","WB.DATA360:DS_DATA360(1.3)","I","A","SDN","GI_AII_96","_Z","_Z","_Z","0_TO_100","_Z","_Z","_Z","2014","0.0","_Z","IX","2","GI_AII","602","0","A","PU","Annual","Sudan","In practice, roads/bridges networks between towns and cities exist and are maintained.","Not applicable","Not applicable","Not applicable","0-100 scale","Not Applicable","Not Applicable","Not Applicable","Not Applicable","Index","Two","Africa Integrity Indicators","CCYY","Units","Normal value","Public"
"datastructure","WB.DATA360:DS_DATA360(1.3)","I","A","SDN","GI_AII_96","_Z","_Z","_Z","0_TO_100","_Z","_Z","_Z","2015","0.0","_Z","IX","2","GI_AII","602","0","A","PU","Annual","Sudan","In practice, roads/bridges networks between towns and cities exist and are maintained.","Not applicable","Not applicable","Not applicable","0-100 scale","Not Applicable","Not Applicable","Not Applicable","Not Applicable","Index","Two","Africa Integrity Indicators","CCYY","Units","Normal value","Public"
"datastructure","WB.DATA360:DS_DATA360(1.3)","I","A","SDN","GI_AII_96","_Z","_Z","_Z","0_TO_100","_Z","_Z","_Z","2016","0.0","_Z","IX","2","GI_AII","602","0","A","PU","Annual","Sudan","In practice, roads/bridges networks between towns and cities exist and are maintained.","Not applicable","Not applicable","Not applicable","0-100 scale","Not Applicable","Not Applicable","Not Applicable","Not Applicable","Index","Two","Africa Integrity Indicators","CCYY","Units","Normal value","Public"
"datastructure","WB.DATA360:DS_DATA360(1.3)","I","A","SDN","GI_AII_96","_Z","_Z","_Z","0_TO_100","_Z","_Z","_Z","2017","25.0","_Z","IX","2","GI_AII","602","0","A","PU","Annual","Sudan","In practice, roads/bridges networks between towns and cities exist and are maintained.","Not applicable","Not applicable","Not applicable","0-100 scale","Not Applicable","Not Applicable","Not Applicable","Not Applicable","Index","Two","Africa Integrity Indicators","CCYY","Units","Normal value","Public"
"datastructure","WB.DATA360:DS_DATA360(1.3)","I","A","SDN","GI_AII_96","_Z","_Z","_Z","0_TO_100","_Z","_Z","_Z","2018","25.0","_Z","IX","2","GI_AII","602","0","A","PU","Annual","Sudan","In practice, roads/bridges networks between towns and cities exist and are maintained.","Not applicable","Not applicable","Not applicable","0-100 scale","Not Applicable","Not Applicable","Not Applicable","Not Applicable","Index","Two","Africa Integrity Indicators","CCYY","Units","Normal value","Public"
"datastructure","WB.DATA360:DS_DATA360(1.3)","I","A","SWZ","GI_AII_96","_Z","_Z","_Z","0_TO_100","_Z","_Z","_Z","2014","25.0","_Z","IX","2","GI_AII","602","0","A","PU","Annual","Eswatini","In practice, roads/bridges networks between towns and cities exist and are maintained.","Not applicable","Not applicable","Not applicable","0-100 scale","Not Applicable","Not Applicable","Not Applicable","Not Applicable","Index","Two","Africa Integrity Indicators","CCYY","Units","Normal value","Public"
"datastructure","WB.DATA360:DS_DATA360(1.3)","I","A","SWZ","GI_AII_96","_Z","_Z","_Z","0_TO_100","_Z","_Z","_Z","2015","25.0","_Z","IX","2","GI_AII","602","0","A","PU","Annual","Eswatini","In practice, roads/bridges networks between towns and cities exist and are maintained.","Not applicable","Not applicable","Not applicable","0-100 scale","Not Applicable","Not Applicable","Not Applicable","Not Applicable","Index","Two","Africa Integrity Indicators","CCYY","Units","Normal value","Public"
"datastructure","WB.DATA360:DS_DATA360(1.3)","I","A","SWZ","GI_AII_96","_Z","_Z","_Z","0_TO_100","_Z","_Z","_Z","2016","25.0","_Z","IX","2","GI_AII","602","0","A","PU","Annual","Eswatini","In practice, roads/bridges networks between towns and cities exist and are maintained.","Not applicable","Not applicable","Not applicable","0-100 scale","Not Applicable","Not Applicable","Not Applicable","Not Applicable","Index","Two","Africa Integrity Indicators","CCYY","Units","Normal value","Public"
"datastructure","WB.DATA360:DS_DATA360(1.3)","I","A","SWZ","GI_AII_96","_Z","_Z","_Z","0_TO_100","_Z","_Z","_Z","2017","50.0","_Z","IX","2","GI_AII","602","0","A","PU","Annual","Eswatini","In practice, roads/bridges networks between towns and cities exist and are maintained.","Not applicable","Not applicable","Not applicable","0-100 scale","Not Applicable","Not Applicable","Not Applicable","Not Applicable","Index","Two","Africa Integrity Indicators","CCYY","Units","Normal value","Public"
"datastructure","WB.DATA360:DS_DATA360(1.3)","I","A","SWZ","GI_AII_96","_Z","_Z","_Z","0_TO_100","_Z","_Z","_Z","2018","50.0","_Z","IX","2","GI_AII","602","0","A","PU","Annual","Eswatini","In practice, roads/bridges networks between towns and cities exist and are maintained.","Not applicable","Not applicable","Not applicable","0-100 scale","Not Applicable","Not Applicable","Not Applicable","Not Applicable","Index","Two","Africa Integrity Indicators","CCYY","Units","Normal value","Public"
"datastructure","WB.DATA360:DS_DATA360(1.3)","I","A","TZA","GI_AII_96","_Z","_Z","_Z","0_TO_100","_Z","_Z","_Z","2014","0.0","_Z","IX","2","GI_AII","602","0","A","PU","Annual","Tanzania","In practice, roads/bridges networks between towns and cities exist and are maintained.","Not applicable","Not applicable","Not applicable","0-100 scale","Not Applicable","Not Applicable","Not Applicable","Not Applicable","Index","Two","Africa Integrity Indicators","CCYY","Units","Normal value","Public"
"datastructure","WB.DATA360:DS_DATA360(1.3)","I","A","TZA","GI_AII_96","_Z","_Z","_Z","0_TO_100","_Z","_Z","_Z","2015","0.0","_Z","IX","2","GI_AII","602","0","A","PU","Annual","Tanzania","In practice, roads/bridges networks between towns and cities exist and are maintained.","Not applicable","Not applicable","Not applicable","0-100 scale","Not Applicable","Not Applicable","Not Applicable","Not Applicable","Index","Two","Africa Integrity Indicators","CCYY","Units","Normal value","Public"
"datastructure","WB.DATA360:DS_DATA360(1.3)","I","A","TZA","GI_AII_96","_Z","_Z","_Z","0_TO_100","_Z","_Z","_Z","2016","25.0","_Z","IX","2","GI_AII","602","0","A","PU","Annual","Tanzania","In practice, roads/bridges networks between towns and cities exist and are maintained.","Not applicable","Not applicable","Not applicable","0-100 scale","Not Applicable","Not Applicable","Not Applicable","Not Applicable","Index","Two","Africa Integrity Indicators","CCYY","Units","Normal value","Public"
"datastructure","WB.DATA360:DS_DATA360(1.3)","I","A","TZA","GI_AII_96","_Z","_Z","_Z","0_TO_100","_Z","_Z","_Z","2017","50.0","_Z","IX","2","GI_AII","602","0","A","PU","Annual","Tanzania","In practice, roads/bridges networks between towns and cities exist and are maintained.","Not applicable","Not applicable","Not applicable","0-100 scale","Not Applicable","Not Applicable","Not Applicable","Not Applicable","Index","Two","Africa Integrity Indicators","CCYY","Units","Normal value","Public"
"datastructure","WB.DATA360:DS_DATA360(1.3)","I","A","TZA","GI_AII_96","_Z","_Z","_Z","0_TO_100","_Z","_Z","_Z","2018","25.0","_Z","IX","2","GI_AII","602","0","A","PU","Annual","Tanzania","In practice, roads/bridges networks between towns and cities exist and are maintained.","Not applicable","Not applicable","Not applicable","0-100 scale","Not Applicable","Not Applicable","Not Applicable","Not Applicable","Index","Two","Africa Integrity Indicators","CCYY","Units","Normal value","Public"
"datastructure","WB.DATA360:DS_DATA360(1.3)","I","A","TGO","GI_AII_96","_Z","_Z","_Z","0_TO_100","_Z","_Z","_Z","2014","25.0","_Z","IX","2","GI_AII","602","0","A","PU","Annual","Togo","In practice, roads/bridges networks between towns and cities exist and are maintained.","Not applicable","Not applicable","Not applicable","0-100 scale","Not Applicable","Not Applicable","Not Applicable","Not Applicable","Index","Two","Africa Integrity Indicators","CCYY","Units","Normal value","Public"
"datastructure","WB.DATA360:DS_DATA360(1.3)","I","A","TGO","GI_AII_96","_Z","_Z","_Z","0_TO_100","_Z","_Z","_Z","2015","25.0","_Z","IX","2","GI_AII","602","0","A","PU","Annual","Togo","In practice, roads/bridges networks between towns and cities exist and are maintained.","Not applicable","Not applicable","Not applicable","0-100 scale","Not Applicable","Not Applicable","Not Applicable","Not Applicable","Index","Two","Africa Integrity Indicators","CCYY","Units","Normal value","Public"
"datastructure","WB.DATA360:DS_DATA360(1.3)","I","A","TGO","GI_AII_96","_Z","_Z","_Z","0_TO_100","_Z","_Z","_Z","2016","50.0","_Z","IX","2","GI_AII","602","0","A","PU","Annual","Togo","In practice, roads/bridges networks between towns and cities exist and are maintained.","Not applicable","Not applicable","Not applicable","0-100 scale","Not Applicable","Not Applicable","Not Applicable","Not Applicable","Index","Two","Africa Integrity Indicators","CCYY","Units","Normal value","Public"
"datastructure","WB.DATA360:DS_DATA360(1.3)","I","A","TGO","GI_AII_96","_Z","_Z","_Z","0_TO_100","_Z","_Z","_Z","2017","50.0","_Z","IX","2","GI_AII","602","0","A","PU","Annual","Togo","In practice, roads/bridges networks between towns and cities exist and are maintained.","Not applicable","Not applicable","Not applicable","0-100 scale","Not Applicable","Not Applicable","Not Applicable","Not Applicable","Index","Two","Africa Integrity Indicators","CCYY","Units","Normal value","Public"
"datastructure","WB.DATA360:DS_DATA360(1.3)","I","A","TGO","GI_AII_96","_Z","_Z","_Z","0_TO_100","_Z","_Z","_Z","2018","50.0","_Z","IX","2","GI_AII","602","0","A","PU","Annual","Togo","In practice, roads/bridges networks between towns and cities exist and are maintained.","Not applicable","Not applicable","Not applicable","0-100 scale","Not Applicable","Not Applicable","Not Applicable","Not Applicable","Index","Two","Africa Integrity Indicators","CCYY","Units","Normal value","Public"
"datastructure","WB.DATA360:DS_DATA360(1.3)","I","A","TUN","GI_AII_96","_Z","_Z","_Z","0_TO_100","_Z","_Z","_Z","2014","25.0","_Z","IX","2","GI_AII","602","0","A","PU","Annual","Tunisia","In practice, roads/bridges networks between towns and cities exist and are maintained.","Not applicable","Not applicable","Not applicable","0-100 scale","Not Applicable","Not Applicable","Not Applicable","Not Applicable","Index","Two","Africa Integrity Indicators","CCYY","Units","Normal value","Public"
"datastructure","WB.DATA360:DS_DATA360(1.3)","I","A","TUN","GI_AII_96","_Z","_Z","_Z","0_TO_100","_Z","_Z","_Z","2015","50.0","_Z","IX","2","GI_AII","602","0","A","PU","Annual","Tunisia","In practice, roads/bridges networks between towns and cities exist and are maintained.","Not applicable","Not applicable","Not applicable","0-100 scale","Not Applicable","Not Applicable","Not Applicable","Not Applicable","Index","Two","Africa Integrity Indicators","CCYY","Units","Normal value","Public"
"datastructure","WB.DATA360:DS_DATA360(1.3)","I","A","TUN","GI_AII_96","_Z","_Z","_Z","0_TO_100","_Z","_Z","_Z","2016","100.0","_Z","IX","2","GI_AII","602","0","A","PU","Annual","Tunisia","In practice, roads/bridges networks between towns and cities exist and are maintained.","Not applicable","Not applicable","Not applicable","0-100 scale","Not Applicable","Not Applicable","Not Applicable","Not Applicable","Index","Two","Africa Integrity Indicators","CCYY","Units","Normal value","Public"
"datastructure","WB.DATA360:DS_DATA360(1.3)","I","A","TUN","GI_AII_96","_Z","_Z","_Z","0_TO_100","_Z","_Z","_Z","2017","75.0","_Z","IX","2","GI_AII","602","0","A","PU","Annual","Tunisia","In practice, roads/bridges networks between towns and cities exist and are maintained.","Not applicable","Not applicable","Not applicable","0-100 scale","Not Applicable","Not Applicable","Not Applicable","Not Applicable","Index","Two","Africa Integrity Indicators","CCYY","Units","Normal value","Public"
"datastructure","WB.DATA360:DS_DATA360(1.3)","I","A","TUN","GI_AII_96","_Z","_Z","_Z","0_TO_100","_Z","_Z","_Z","2018","75.0","_Z","IX","2","GI_AII","602","0","A","PU","Annual","Tunisia","In practice, roads/bridges networks between towns and cities exist and are maintained.","Not applicable","Not applicable","Not applicable","0-100 scale","Not Applicable","Not Applicable","Not Applicable","Not Applicable","Index","Two","Africa Integrity Indicators","CCYY","Units","Normal value","Public"
"datastructure","WB.DATA360:DS_DATA360(1.3)","I","A","UGA","GI_AII_96","_Z","_Z","_Z","0_TO_100","_Z","_Z","_Z","2014","50.0","_Z","IX","2","GI_AII","602","0","A","PU","Annual","Uganda","In practice, roads/bridges networks between towns and cities exist and are maintained.","Not applicable","Not applicable","Not applicable","0-100 scale","Not Applicable","Not Applicable","Not Applicable","Not Applicable","Index","Two","Africa Integrity Indicators","CCYY","Units","Normal value","Public"
"datastructure","WB.DATA360:DS_DATA360(1.3)","I","A","UGA","GI_AII_96","_Z","_Z","_Z","0_TO_100","_Z","_Z","_Z","2015","50.0","_Z","IX","2","GI_AII","602","0","A","PU","Annual","Uganda","In practice, roads/bridges networks between towns and cities exist and are maintained.","Not applicable","Not applicable","Not applicable","0-100 scale","Not Applicable","Not Applicable","Not Applicable","Not Applicable","Index","Two","Africa Integrity Indicators","CCYY","Units","Normal value","Public"
"datastructure","WB.DATA360:DS_DATA360(1.3)","I","A","UGA","GI_AII_96","_Z","_Z","_Z","0_TO_100","_Z","_Z","_Z","2016","50.0","_Z","IX","2","GI_AII","602","0","A","PU","Annual","Uganda","In practice, roads/bridges networks between towns and cities exist and are maintained.","Not applicable","Not applicable","Not applicable","0-100 scale","Not Applicable","Not Applicable","Not Applicable","Not Applicable","Index","Two","Africa Integrity Indicators","CCYY","Units","Normal value","Public"
"datastructure","WB.DATA360:DS_DATA360(1.3)","I","A","UGA","GI_AII_96","_Z","_Z","_Z","0_TO_100","_Z","_Z","_Z","2017","75.0","_Z","IX","2","GI_AII","602","0","A","PU","Annual","Uganda","In practice, roads/bridges networks between towns and cities exist and are maintained.","Not applicable","Not applicable","Not applicable","0-100 scale","Not Applicable","Not Applicable","Not Applicable","Not Applicable","Index","Two","Africa Integrity Indicators","CCYY","Units","Normal value","Public"
"datastructure","WB.DATA360:DS_DATA360(1.3)","I","A","UGA","GI_AII_96","_Z","_Z","_Z","0_TO_100","_Z","_Z","_Z","2018","50.0","_Z","IX","2","GI_AII","602","0","A","PU","Annual","Uganda","In practice, roads/bridges networks between towns and cities exist and are maintained.","Not applicable","Not applicable","Not applicable","0-100 scale","Not Applicable","Not Applicable","Not Applicable","Not Applicable","Index","Two","Africa Integrity Indicators","CCYY","Units","Normal value","Public"
"datastructure","WB.DATA360:DS_DATA360(1.3)","I","A","ZMB","GI_AII_96","_Z","_Z","_Z","0_TO_100","_Z","_Z","_Z","2014","25.0","_Z","IX","2","GI_AII","602","0","A","PU","Annual","Zambia","In practice, roads/bridges networks between towns and cities exist and are maintained.","Not applicable","Not applicable","Not applicable","0-100 scale","Not Applicable","Not Applicable","Not Applicable","Not Applicable","Index","Two","Africa Integrity Indicators","CCYY","Units","Normal value","Public"
"datastructure","WB.DATA360:DS_DATA360(1.3)","I","A","ZMB","GI_AII_96","_Z","_Z","_Z","0_TO_100","_Z","_Z","_Z","2015","25.0","_Z","IX","2","GI_AII","602","0","A","PU","Annual","Zambia","In practice, roads/bridges networks between towns and cities exist and are maintained.","Not applicable","Not applicable","Not applicable","0-100 scale","Not Applicable","Not Applicable","Not Applicable","Not Applicable","Index","Two","Africa Integrity Indicators","CCYY","Units","Normal value","Public"
"datastructure","WB.DATA360:DS_DATA360(1.3)","I","A","ZMB","GI_AII_96","_Z","_Z","_Z","0_TO_100","_Z","_Z","_Z","2016","50.0","_Z","IX","2","GI_AII","602","0","A","PU","Annual","Zambia","In practice, roads/bridges networks between towns and cities exist and are maintained.","Not applicable","Not applicable","Not applicable","0-100 scale","Not Applicable","Not Applicable","Not Applicable","Not Applicable","Index","Two","Africa Integrity Indicators","CCYY","Units","Normal value","Public"
"datastructure","WB.DATA360:DS_DATA360(1.3)","I","A","ZMB","GI_AII_96","_Z","_Z","_Z","0_TO_100","_Z","_Z","_Z","2017","50.0","_Z","IX","2","GI_AII","602","0","A","PU","Annual","Zambia","In practice, roads/bridges networks between towns and cities exist and are maintained.","Not applicable","Not applicable","Not applicable","0-100 scale","Not Applicable","Not Applicable","Not Applicable","Not Applicable","Index","Two","Africa Integrity Indicators","CCYY","Units","Normal value","Public"
"datastructure","WB.DATA360:DS_DATA360(1.3)","I","A","ZMB","GI_AII_96","_Z","_Z","_Z","0_TO_100","_Z","_Z","_Z","2018","50.0","_Z","IX","2","GI_AII","602","0","A","PU","Annual","Zambia","In practice, roads/bridges networks between towns and cities exist and are maintained.","Not applicable","Not applicable","Not applicable","0-100 scale","Not Applicable","Not Applicable","Not Applicable","Not Applicable","Index","Two","Africa Integrity Indicators","CCYY","Units","Normal value","Public"
"datastructure","WB.DATA360:DS_DATA360(1.3)","I","A","ZWE","GI_AII_96","_Z","_Z","_Z","0_TO_100","_Z","_Z","_Z","2014","0.0","_Z","IX","2","GI_AII","602","0","A","PU","Annual","Zimbabwe","In practice, roads/bridges networks between towns and cities exist and are maintained.","Not applicable","Not applicable","Not applicable","0-100 scale","Not Applicable","Not Applicable","Not Applicable","Not Applicable","Index","Two","Africa Integrity Indicators","CCYY","Units","Normal value","Public"
"datastructure","WB.DATA360:DS_DATA360(1.3)","I","A","ZWE","GI_AII_96","_Z","_Z","_Z","0_TO_100","_Z","_Z","_Z","2015","25.0","_Z","IX","2","GI_AII","602","0","A","PU","Annual","Zimbabwe","In practice, roads/bridges networks between towns and cities exist and are maintained.","Not applicable","Not applicable","Not applicable","0-100 scale","Not Applicable","Not Applicable","Not Applicable","Not Applicable","Index","Two","Africa Integrity Indicators","CCYY","Units","Normal value","Public"
"datastructure","WB.DATA360:DS_DATA360(1.3)","I","A","ZWE","GI_AII_96","_Z","_Z","_Z","0_TO_100","_Z","_Z","_Z","2016","25.0","_Z","IX","2","GI_AII","602","0","A","PU","Annual","Zimbabwe","In practice, roads/bridges networks between towns and cities exist and are maintained.","Not applicable","Not applicable","Not applicable","0-100 scale","Not Applicable","Not Applicable","Not Applicable","Not Applicable","Index","Two","Africa Integrity Indicators","CCYY","Units","Normal value","Public"
"datastructure","WB.DATA360:DS_DATA360(1.3)","I","A","ZWE","GI_AII_96","_Z","_Z","_Z","0_TO_100","_Z","_Z","_Z","2017","25.0","_Z","IX","2","GI_AII","602","0","A","PU","Annual","Zimbabwe","In practice, roads/bridges networks between towns and cities exist and are maintained.","Not applicable","Not applicable","Not applicable","0-100 scale","Not Applicable","Not Applicable","Not Applicable","Not Applicable","Index","Two","Africa Integrity Indicators","CCYY","Units","Normal value","Public"
"datastructure","WB.DATA360:DS_DATA360(1.3)","I","A","ZWE","GI_AII_96","_Z","_Z","_Z","0_TO_100","_Z","_Z","_Z","2018","25.0","_Z","IX","2","GI_AII","602","0","A","PU","Annual","Zimbabwe","In practice, roads/bridges networks between towns and cities exist and are maintained.","Not applicable","Not applicable","Not applicable","0-100 scale","Not Applicable","Not Applicable","Not Applicable","Not Applicable","Index","Two","Africa Integrity Indicators","CCYY","Units","Normal value","Public"
"datastructure","WB.DATA360:DS_DATA360(1.3)","I","A","DJI","GI_AII_96","_Z","_Z","_Z","0_TO_100","_Z","_Z","_Z","2014","50.0","_Z","IX","2","GI_AII","602","0","A","PU","Annual","Djibouti","In practice, roads/bridges networks between towns and cities exist and are maintained.","Not applicable","Not applicable","Not applicable","0-100 scale","Not Applicable","Not Applicable","Not Applicable","Not Applicable","Index","Two","Africa Integrity Indicators","CCYY","Units","Normal value","Public"
"datastructure","WB.DATA360:DS_DATA360(1.3)","I","A","DJI","GI_AII_96","_Z","_Z","_Z","0_TO_100","_Z","_Z","_Z","2015","75.0","_Z","IX","2","GI_AII","602","0","A","PU","Annual","Djibouti","In practice, roads/bridges networks between towns and cities exist and are maintained.","Not applicable","Not applicable","Not applicable","0-100 scale","Not Applicable","Not Applicable","Not Applicable","Not Applicable","Index","Two","Africa Integrity Indicators","CCYY","Units","Normal value","Public"
"datastructure","WB.DATA360:DS_DATA360(1.3)","I","A","DJI","GI_AII_96","_Z","_Z","_Z","0_TO_100","_Z","_Z","_Z","2016","50.0","_Z","IX","2","GI_AII","602","0","A","PU","Annual","Djibouti","In practice, roads/bridges networks between towns and cities exist and are maintained.","Not applicable","Not applicable","Not applicable","0-100 scale","Not Applicable","Not Applicable","Not Applicable","Not Applicable","Index","Two","Africa Integrity Indicators","CCYY","Units","Normal value","Public"
"datastructure","WB.DATA360:DS_DATA360(1.3)","I","A","DJI","GI_AII_96","_Z","_Z","_Z","0_TO_100","_Z","_Z","_Z","2017","50.0","_Z","IX","2","GI_AII","602","0","A","PU","Annual","Djibouti","In practice, roads/bridges networks between towns and cities exist and are maintained.","Not applicable","Not applicable","Not applicable","0-100 scale","Not Applicable","Not Applicable","Not Applicable","Not Applicable","Index","Two","Africa Integrity Indicators","CCYY","Units","Normal value","Public"
"datastructure","WB.DATA360:DS_DATA360(1.3)","I","A","DJI","GI_AII_96","_Z","_Z","_Z","0_TO_100","_Z","_Z","_Z","2018","50.0","_Z","IX","2","GI_AII","602","0","A","PU","Annual","Djibouti","In practice, roads/bridges networks between towns and cities exist and are maintained.","Not applicable","Not applicable","Not applicable","0-100 scale","Not Applicable","Not Applicable","Not Applicable","Not Applicable","Index","Two","Africa Integrity Indicators","CCYY","Units","Normal value","Public"
"datastructure","WB.DATA360:DS_DATA360(1.3)","I","A","EGY","GI_AII_96","_Z","_Z","_Z","0_TO_100","_Z","_Z","_Z","2014","25.0","_Z","IX","2","GI_AII","602","0","A","PU","Annual","Egypt, Arab Rep.","In practice, roads/bridges networks between towns and cities exist and are maintained.","Not applicable","Not applicable","Not applicable","0-100 scale","Not Applicable","Not Applicable","Not Applicable","Not Applicable","Index","Two","Africa Integrity Indicators","CCYY","Units","Normal value","Public"
"datastructure","WB.DATA360:DS_DATA360(1.3)","I","A","EGY","GI_AII_96","_Z","_Z","_Z","0_TO_100","_Z","_Z","_Z","2015","25.0","_Z","IX","2","GI_AII","602","0","A","PU","Annual","Egypt, Arab Rep.","In practice, roads/bridges networks between towns and cities exist and are maintained.","Not applicable","Not applicable","Not applicable","0-100 scale","Not Applicable","Not Applicable","Not Applicable","Not Applicable","Index","Two","Africa Integrity Indicators","CCYY","Units","Normal value","Public"
"datastructure","WB.DATA360:DS_DATA360(1.3)","I","A","EGY","GI_AII_96","_Z","_Z","_Z","0_TO_100","_Z","_Z","_Z","2016","25.0","_Z","IX","2","GI_AII","602","0","A","PU","Annual","Egypt, Arab Rep.","In practice, roads/bridges networks between towns and cities exist and are maintained.","Not applicable","Not applicable","Not applicable","0-100 scale","Not Applicable","Not Applicable","Not Applicable","Not Applicable","Index","Two","Africa Integrity Indicators","CCYY","Units","Normal value","Public"
"datastructure","WB.DATA360:DS_DATA360(1.3)","I","A","EGY","GI_AII_96","_Z","_Z","_Z","0_TO_100","_Z","_Z","_Z","2017","25.0","_Z","IX","2","GI_AII","602","0","A","PU","Annual","Egypt, Arab Rep.","In practice, roads/bridges networks between towns and cities exist and are maintained.","Not applicable","Not applicable","Not applicable","0-100 scale","Not Applicable","Not Applicable","Not Applicable","Not Applicable","Index","Two","Africa Integrity Indicators","CCYY","Units","Normal value","Public"
"datastructure","WB.DATA360:DS_DATA360(1.3)","I","A","EGY","GI_AII_96","_Z","_Z","_Z","0_TO_100","_Z","_Z","_Z","2018","50.0","_Z","IX","2","GI_AII","602","0","A","PU","Annual","Egypt, Arab Rep.","In practice, roads/bridges networks between towns and cities exist and are maintained.","Not applicable","Not applicable","Not applicable","0-100 scale","Not Applicable","Not Applicable","Not Applicable","Not Applicable","Index","Two","Africa Integrity Indicators","CCYY","Units","Normal value","Public"
"datastructure","WB.DATA360:DS_DATA360(1.3)","I","A","GNQ","GI_AII_96","_Z","_Z","_Z","0_TO_100","_Z","_Z","_Z","2014","50.0","_Z","IX","2","GI_AII","602","0","A","PU","Annual","Equatorial Guinea","In practice, roads/bridges networks between towns and cities exist and are maintained.","Not applicable","Not applicable","Not applicable","0-100 scale","Not Applicable","Not Applicable","Not Applicable","Not Applicable","Index","Two","Africa Integrity Indicators","CCYY","Units","Normal value","Public"
"datastructure","WB.DATA360:DS_DATA360(1.3)","I","A","GNQ","GI_AII_96","_Z","_Z","_Z","0_TO_100","_Z","_Z","_Z","2015","50.0","_Z","IX","2","GI_AII","602","0","A","PU","Annual","Equatorial Guinea","In practice, roads/bridges networks between towns and cities exist and are maintained.","Not applicable","Not applicable","Not applicable","0-100 scale","Not Applicable","Not Applicable","Not Applicable","Not Applicable","Index","Two","Africa Integrity Indicators","CCYY","Units","Normal value","Public"
"datastructure","WB.DATA360:DS_DATA360(1.3)","I","A","GNQ","GI_AII_96","_Z","_Z","_Z","0_TO_100","_Z","_Z","_Z","2016","50.0","_Z","IX","2","GI_AII","602","0","A","PU","Annual","Equatorial Guinea","In practice, roads/bridges networks between towns and cities exist and are maintained.","Not applicable","Not applicable","Not applicable","0-100 scale","Not Applicable","Not Applicable","Not Applicable","Not Applicable","Index","Two","Africa Integrity Indicators","CCYY","Units","Normal value","Public"
"datastructure","WB.DATA360:DS_DATA360(1.3)","I","A","GNQ","GI_AII_96","_Z","_Z","_Z","0_TO_100","_Z","_Z","_Z","2017","50.0","_Z","IX","2","GI_AII","602","0","A","PU","Annual","Equatorial Guinea","In practice, roads/bridges networks between towns and cities exist and are maintained.","Not applicable","Not applicable","Not applicable","0-100 scale","Not Applicable","Not Applicable","Not Applicable","Not Applicable","Index","Two","Africa Integrity Indicators","CCYY","Units","Normal value","Public"
"datastructure","WB.DATA360:DS_DATA360(1.3)","I","A","GNQ","GI_AII_96","_Z","_Z","_Z","0_TO_100","_Z","_Z","_Z","2018","50.0","_Z","IX","2","GI_AII","602","0","A","PU","Annual","Equatorial Guinea","In practice, roads/bridges networks between towns and cities exist and are maintained.","Not applicable","Not applicable","Not applicable","0-100 scale","Not Applicable","Not Applicable","Not Applicable","Not Applicable","Index","Two","Africa Integrity Indicators","CCYY","Units","Normal value","Public"
"datastructure","WB.DATA360:DS_DATA360(1.3)","I","A","ERI","GI_AII_96","_Z","_Z","_Z","0_TO_100","_Z","_Z","_Z","2014","0.0","_Z","IX","2","GI_AII","602","0","A","PU","Annual","Eritrea","In practice, roads/bridges networks between towns and cities exist and are maintained.","Not applicable","Not applicable","Not applicable","0-100 scale","Not Applicable","Not Applicable","Not Applicable","Not Applicable","Index","Two","Africa Integrity Indicators","CCYY","Units","Normal value","Public"
"datastructure","WB.DATA360:DS_DATA360(1.3)","I","A","ERI","GI_AII_96","_Z","_Z","_Z","0_TO_100","_Z","_Z","_Z","2015","25.0","_Z","IX","2","GI_AII","602","0","A","PU","Annual","Eritrea","In practice, roads/bridges networks between towns and cities exist and are maintained.","Not applicable","Not applicable","Not applicable","0-100 scale","Not Applicable","Not Applicable","Not Applicable","Not Applicable","Index","Two","Africa Integrity Indicators","CCYY","Units","Normal value","Public"
"datastructure","WB.DATA360:DS_DATA360(1.3)","I","A","ERI","GI_AII_96","_Z","_Z","_Z","0_TO_100","_Z","_Z","_Z","2016","25.0","_Z","IX","2","GI_AII","602","0","A","PU","Annual","Eritrea","In practice, roads/bridges networks between towns and cities exist and are maintained.","Not applicable","Not applicable","Not applicable","0-100 scale","Not Applicable","Not Applicable","Not Applicable","Not Applicable","Index","Two","Africa Integrity Indicators","CCYY","Units","Normal value","Public"
"datastructure","WB.DATA360:DS_DATA360(1.3)","I","A","ERI","GI_AII_96","_Z","_Z","_Z","0_TO_100","_Z","_Z","_Z","2017","25.0","_Z","IX","2","GI_AII","602","0","A","PU","Annual","Eritrea","In practice, roads/bridges networks between towns and cities exist and are maintained.","Not applicable","Not applicable","Not applicable","0-100 scale","Not Applicable","Not Applicable","Not Applicable","Not Applicable","Index","Two","Africa Integrity Indicators","CCYY","Units","Normal value","Public"
"datastructure","WB.DATA360:DS_DATA360(1.3)","I","A","ERI","GI_AII_96","_Z","_Z","_Z","0_TO_100","_Z","_Z","_Z","2018","25.0","_Z","IX","2","GI_AII","602","0","A","PU","Annual","Eritrea","In practice, roads/bridges networks between towns and cities exist and are maintained.","Not applicable","Not applicable","Not applicable","0-100 scale","Not Applicable","Not Applicable","Not Applicable","Not Applicable","Index","Two","Africa Integrity Indicators","CCYY","Units","Normal value","Public"
"datastructure","WB.DATA360:DS_DATA360(1.3)","I","A","ETH","GI_AII_96","_Z","_Z","_Z","0_TO_100","_Z","_Z","_Z","2014","0.0","_Z","IX","2","GI_AII","602","0","A","PU","Annual","Ethiopia","In practice, roads/bridges networks between towns and cities exist and are maintained.","Not applicable","Not applicable","Not applicable","0-100 scale","Not Applicable","Not Applicable","Not Applicable","Not Applicable","Index","Two","Africa Integrity Indicators","CCYY","Units","Normal value","Public"
"datastructure","WB.DATA360:DS_DATA360(1.3)","I","A","ETH","GI_AII_96","_Z","_Z","_Z","0_TO_100","_Z","_Z","_Z","2015","25.0","_Z","IX","2","GI_AII","602","0","A","PU","Annual","Ethiopia","In practice, roads/bridges networks between towns and cities exist and are maintained.","Not applicable","Not applicable","Not applicable","0-100 scale","Not Applicable","Not Applicable","Not Applicable","Not Applicable","Index","Two","Africa Integrity Indicators","CCYY","Units","Normal value","Public"
"datastructure","WB.DATA360:DS_DATA360(1.3)","I","A","ETH","GI_AII_96","_Z","_Z","_Z","0_TO_100","_Z","_Z","_Z","2016","75.0","_Z","IX","2","GI_AII","602","0","A","PU","Annual","Ethiopia","In practice, roads/bridges networks between towns and cities exist and are maintained.","Not applicable","Not applicable","Not applicable","0-100 scale","Not Applicable","Not Applicable","Not Applicable","Not Applicable","Index","Two","Africa Integrity Indicators","CCYY","Units","Normal value","Public"
"datastructure","WB.DATA360:DS_DATA360(1.3)","I","A","ETH","GI_AII_96","_Z","_Z","_Z","0_TO_100","_Z","_Z","_Z","2017","50.0","_Z","IX","2","GI_AII","602","0","A","PU","Annual","Ethiopia","In practice, roads/bridges networks between towns and cities exist and are maintained.","Not applicable","Not applicable","Not applicable","0-100 scale","Not Applicable","Not Applicable","Not Applicable","Not Applicable","Index","Two","Africa Integrity Indicators","CCYY","Units","Normal value","Public"
"datastructure","WB.DATA360:DS_DATA360(1.3)","I","A","ETH","GI_AII_96","_Z","_Z","_Z","0_TO_100","_Z","_Z","_Z","2018","50.0","_Z","IX","2","GI_AII","602","0","A","PU","Annual","Ethiopia","In practice, roads/bridges networks between towns and cities exist and are maintained.","Not applicable","Not applicable","Not applicable","0-100 scale","Not Applicable","Not Applicable","Not Applicable","Not Applicable","Index","Two","Africa Integrity Indicators","CCYY","Units","Normal value","Public"
"datastructure","WB.DATA360:DS_DATA360(1.3)","I","A","GAB","GI_AII_96","_Z","_Z","_Z","0_TO_100","_Z","_Z","_Z","2014","50.0","_Z","IX","2","GI_AII","602","0","A","PU","Annual","Gabon","In practice, roads/bridges networks between towns and cities exist and are maintained.","Not applicable","Not applicable","Not applicable","0-100 scale","Not Applicable","Not Applicable","Not Applicable","Not Applicable","Index","Two","Africa Integrity Indicators","CCYY","Units","Normal value","Public"
"datastructure","WB.DATA360:DS_DATA360(1.3)","I","A","GAB","GI_AII_96","_Z","_Z","_Z","0_TO_100","_Z","_Z","_Z","2015","50.0","_Z","IX","2","GI_AII","602","0","A","PU","Annual","Gabon","In practice, roads/bridges networks between towns and cities exist and are maintained.","Not applicable","Not applicable","Not applicable","0-100 scale","Not Applicable","Not Applicable","Not Applicable","Not Applicable","Index","Two","Africa Integrity Indicators","CCYY","Units","Normal value","Public"
"datastructure","WB.DATA360:DS_DATA360(1.3)","I","A","GAB","GI_AII_96","_Z","_Z","_Z","0_TO_100","_Z","_Z","_Z","2016","50.0","_Z","IX","2","GI_AII","602","0","A","PU","Annual","Gabon","In practice, roads/bridges networks between towns and cities exist and are maintained.","Not applicable","Not applicable","Not applicable","0-100 scale","Not Applicable","Not Applicable","Not Applicable","Not Applicable","Index","Two","Africa Integrity Indicators","CCYY","Units","Normal value","Public"
"datastructure","WB.DATA360:DS_DATA360(1.3)","I","A","GAB","GI_AII_96","_Z","_Z","_Z","0_TO_100","_Z","_Z","_Z","2017","25.0","_Z","IX","2","GI_AII","602","0","A","PU","Annual","Gabon","In practice, roads/bridges networks between towns and cities exist and are maintained.","Not applicable","Not applicable","Not applicable","0-100 scale","Not Applicable","Not Applicable","Not Applicable","Not Applicable","Index","Two","Africa Integrity Indicators","CCYY","Units","Normal value","Public"
"datastructure","WB.DATA360:DS_DATA360(1.3)","I","A","GAB","GI_AII_96","_Z","_Z","_Z","0_TO_100","_Z","_Z","_Z","2018","25.0","_Z","IX","2","GI_AII","602","0","A","PU","Annual","Gabon","In practice, roads/bridges networks between towns and cities exist and are maintained.","Not applicable","Not applicable","Not applicable","0-100 scale","Not Applicable","Not Applicable","Not Applicable","Not Applicable","Index","Two","Africa Integrity Indicators","CCYY","Units","Normal value","Public"
"datastructure","WB.DATA360:DS_DATA360(1.3)","I","A","GMB","GI_AII_96","_Z","_Z","_Z","0_TO_100","_Z","_Z","_Z","2014","0.0","_Z","IX","2","GI_AII","602","0","A","PU","Annual","Gambia, The","In practice, roads/bridges networks between towns and cities exist and are maintained.","Not applicable","Not applicable","Not applicable","0-100 scale","Not Applicable","Not Applicable","Not Applicable","Not Applicable","Index","Two","Africa Integrity Indicators","CCYY","Units","Normal value","Public"
"datastructure","WB.DATA360:DS_DATA360(1.3)","I","A","GMB","GI_AII_96","_Z","_Z","_Z","0_TO_100","_Z","_Z","_Z","2015","25.0","_Z","IX","2","GI_AII","602","0","A","PU","Annual","Gambia, The","In practice, roads/bridges networks between towns and cities exist and are maintained.","Not applicable","Not applicable","Not applicable","0-100 scale","Not Applicable","Not Applicable","Not Applicable","Not Applicable","Index","Two","Africa Integrity Indicators","CCYY","Units","Normal value","Public"
"datastructure","WB.DATA360:DS_DATA360(1.3)","I","A","GMB","GI_AII_96","_Z","_Z","_Z","0_TO_100","_Z","_Z","_Z","2016","25.0","_Z","IX","2","GI_AII","602","0","A","PU","Annual","Gambia, The","In practice, roads/bridges networks between towns and cities exist and are maintained.","Not applicable","Not applicable","Not applicable","0-100 scale","Not Applicable","Not Applicable","Not Applicable","Not Applicable","Index","Two","Africa Integrity Indicators","CCYY","Units","Normal value","Public"
"datastructure","WB.DATA360:DS_DATA360(1.3)","I","A","GMB","GI_AII_96","_Z","_Z","_Z","0_TO_100","_Z","_Z","_Z","2017","25.0","_Z","IX","2","GI_AII","602","0","A","PU","Annual","Gambia, The","In practice, roads/bridges networks between towns and cities exist and are maintained.","Not applicable","Not applicable","Not applicable","0-100 scale","Not Applicable","Not Applicable","Not Applicable","Not Applicable","Index","Two","Africa Integrity Indicators","CCYY","Units","Normal value","Public"
"datastructure","WB.DATA360:DS_DATA360(1.3)","I","A","GMB","GI_AII_96","_Z","_Z","_Z","0_TO_100","_Z","_Z","_Z","2018","25.0","_Z","IX","2","GI_AII","602","0","A","PU","Annual","Gambia, The","In practice, roads/bridges networks between towns and cities exist and are maintained.","Not applicable","Not applicable","Not applicable","0-100 scale","Not Applicable","Not Applicable","Not Applicable","Not Applicable","Index","Two","Africa Integrity Indicators","CCYY","Units","Normal value","Public"
"datastructure","WB.DATA360:DS_DATA360(1.3)","I","A","GHA","GI_AII_96","_Z","_Z","_Z","0_TO_100","_Z","_Z","_Z","2014","50.0","_Z","IX","2","GI_AII","602","0","A","PU","Annual","Ghana","In practice, roads/bridges networks between towns and cities exist and are maintained.","Not applicable","Not applicable","Not applicable","0-100 scale","Not Applicable","Not Applicable","Not Applicable","Not Applicable","Index","Two","Africa Integrity Indicators","CCYY","Units","Normal value","Public"
"datastructure","WB.DATA360:DS_DATA360(1.3)","I","A","GHA","GI_AII_96","_Z","_Z","_Z","0_TO_100","_Z","_Z","_Z","2015","50.0","_Z","IX","2","GI_AII","602","0","A","PU","Annual","Ghana","In practice, roads/bridges networks between towns and cities exist and are maintained.","Not applicable","Not applicable","Not applicable","0-100 scale","Not Applicable","Not Applicable","Not Applicable","Not Applicable","Index","Two","Africa Integrity Indicators","CCYY","Units","Normal value","Public"
"datastructure","WB.DATA360:DS_DATA360(1.3)","I","A","GHA","GI_AII_96","_Z","_Z","_Z","0_TO_100","_Z","_Z","_Z","2016","50.0","_Z","IX","2","GI_AII","602","0","A","PU","Annual","Ghana","In practice, roads/bridges networks between towns and cities exist and are maintained.","Not applicable","Not applicable","Not applicable","0-100 scale","Not Applicable","Not Applicable","Not Applicable","Not Applicable","Index","Two","Africa Integrity Indicators","CCYY","Units","Normal value","Public"
"datastructure","WB.DATA360:DS_DATA360(1.3)","I","A","GHA","GI_AII_96","_Z","_Z","_Z","0_TO_100","_Z","_Z","_Z","2017","75.0","_Z","IX","2","GI_AII","602","0","A","PU","Annual","Ghana","In practice, roads/bridges networks between towns and cities exist and are maintained.","Not applicable","Not applicable","Not applicable","0-100 scale","Not Applicable","Not Applicable","Not Applicable","Not Applicable","Index","Two","Africa Integrity Indicators","CCYY","Units","Normal value","Public"
"datastructure","WB.DATA360:DS_DATA360(1.3)","I","A","GHA","GI_AII_96","_Z","_Z","_Z","0_TO_100","_Z","_Z","_Z","2018","50.0","_Z","IX","2","GI_AII","602","0","A","PU","Annual","Ghana","In practice, roads/bridges networks between towns and cities exist and are maintained.","Not applicable","Not applicable","Not applicable","0-100 scale","Not Applicable","Not Applicable","Not Applicable","Not Applicable","Index","Two","Africa Integrity Indicators","CCYY","Units","Normal value","Public"
"datastructure","WB.DATA360:DS_DATA360(1.3)","I","A","GIN","GI_AII_96","_Z","_Z","_Z","0_TO_100","_Z","_Z","_Z","2014","50.0","_Z","IX","2","GI_AII","602","0","A","PU","Annual","Guinea","In practice, roads/bridges networks between towns and cities exist and are maintained.","Not applicable","Not applicable","Not applicable","0-100 scale","Not Applicable","Not Applicable","Not Applicable","Not Applicable","Index","Two","Africa Integrity Indicators","CCYY","Units","Normal value","Public"
"datastructure","WB.DATA360:DS_DATA360(1.3)","I","A","GIN","GI_AII_96","_Z","_Z","_Z","0_TO_100","_Z","_Z","_Z","2015","25.0","_Z","IX","2","GI_AII","602","0","A","PU","Annual","Guinea","In practice, roads/bridges networks between towns and cities exist and are maintained.","Not applicable","Not applicable","Not applicable","0-100 scale","Not Applicable","Not Applicable","Not Applicable","Not Applicable","Index","Two","Africa Integrity Indicators","CCYY","Units","Normal value","Public"
"datastructure","WB.DATA360:DS_DATA360(1.3)","I","A","GIN","GI_AII_96","_Z","_Z","_Z","0_TO_100","_Z","_Z","_Z","2016","0.0","_Z","IX","2","GI_AII","602","0","A","PU","Annual","Guinea","In practice, roads/bridges networks between towns and cities exist and are maintained.","Not applicable","Not applicable","Not applicable","0-100 scale","Not Applicable","Not Applicable","Not Applicable","Not Applicable","Index","Two","Africa Integrity Indicators","CCYY","Units","Normal value","Public"
"datastructure","WB.DATA360:DS_DATA360(1.3)","I","A","GIN","GI_AII_96","_Z","_Z","_Z","0_TO_100","_Z","_Z","_Z","2017","25.0","_Z","IX","2","GI_AII","602","0","A","PU","Annual","Guinea","In practice, roads/bridges networks between towns and cities exist and are maintained.","Not applicable","Not applicable","Not applicable","0-100 scale","Not Applicable","Not Applicable","Not Applicable","Not Applicable","Index","Two","Africa Integrity Indicators","CCYY","Units","Normal value","Public"
"datastructure","WB.DATA360:DS_DATA360(1.3)","I","A","GIN","GI_AII_96","_Z","_Z","_Z","0_TO_100","_Z","_Z","_Z","2018","25.0","_Z","IX","2","GI_AII","602","0","A","PU","Annual","Guinea","In practice, roads/bridges networks between towns and cities exist and are maintained.","Not applicable","Not applicable","Not applicable","0-100 scale","Not Applicable","Not Applicable","Not Applicable","Not Applicable","Index","Two","Africa Integrity Indicators","CCYY","Units","Normal value","Public"
"datastructure","WB.DATA360:DS_DATA360(1.3)","I","A","GNB","GI_AII_96","_Z","_Z","_Z","0_TO_100","_Z","_Z","_Z","2014","50.0","_Z","IX","2","GI_AII","602","0","A","PU","Annual","Guinea-Bissau","In practice, roads/bridges networks between towns and cities exist and are maintained.","Not applicable","Not applicable","Not applicable","0-100 scale","Not Applicable","Not Applicable","Not Applicable","Not Applicable","Index","Two","Africa Integrity Indicators","CCYY","Units","Normal value","Public"
"datastructure","WB.DATA360:DS_DATA360(1.3)","I","A","GNB","GI_AII_96","_Z","_Z","_Z","0_TO_100","_Z","_Z","_Z","2015","0.0","_Z","IX","2","GI_AII","602","0","A","PU","Annual","Guinea-Bissau","In practice, roads/bridges networks between towns and cities exist and are maintained.","Not applicable","Not applicable","Not applicable","0-100 scale","Not Applicable","Not Applicable","Not Applicable","Not Applicable","Index","Two","Africa Integrity Indicators","CCYY","Units","Normal value","Public"
"datastructure","WB.DATA360:DS_DATA360(1.3)","I","A","GNB","GI_AII_96","_Z","_Z","_Z","0_TO_100","_Z","_Z","_Z","2016","25.0","_Z","IX","2","GI_AII","602","0","A","PU","Annual","Guinea-Bissau","In practice, roads/bridges networks between towns and cities exist and are maintained.","Not applicable","Not applicable","Not applicable","0-100 scale","Not Applicable","Not Applicable","Not Applicable","Not Applicable","Index","Two","Africa Integrity Indicators","CCYY","Units","Normal value","Public"
"datastructure","WB.DATA360:DS_DATA360(1.3)","I","A","GNB","GI_AII_96","_Z","_Z","_Z","0_TO_100","_Z","_Z","_Z","2017","25.0","_Z","IX","2","GI_AII","602","0","A","PU","Annual","Guinea-Bissau","In practice, roads/bridges networks between towns and cities exist and are maintained.","Not applicable","Not applicable","Not applicable","0-100 scale","Not Applicable","Not Applicable","Not Applicable","Not Applicable","Index","Two","Africa Integrity Indicators","CCYY","Units","Normal value","Public"
"datastructure","WB.DATA360:DS_DATA360(1.3)","I","A","GNB","GI_AII_96","_Z","_Z","_Z","0_TO_100","_Z","_Z","_Z","2018","25.0","_Z","IX","2","GI_AII","602","0","A","PU","Annual","Guinea-Bissau","In practice, roads/bridges networks between towns and cities exist and are maintained.","Not applicable","Not applicable","Not applicable","0-100 scale","Not Applicable","Not Applicable","Not Applicable","Not Applicable","Index","Two","Africa Integrity Indicators","CCYY","Units","Normal value","Public"
"datastructure","WB.DATA360:DS_DATA360(1.3)","I","A","KEN","GI_AII_96","_Z","_Z","_Z","0_TO_100","_Z","_Z","_Z","2014","50.0","_Z","IX","2","GI_AII","602","0","A","PU","Annual","Kenya","In practice, roads/bridges networks between towns and cities exist and are maintained.","Not applicable","Not applicable","Not applicable","0-100 scale","Not Applicable","Not Applicable","Not Applicable","Not Applicable","Index","Two","Africa Integrity Indicators","CCYY","Units","Normal value","Public"
"datastructure","WB.DATA360:DS_DATA360(1.3)","I","A","KEN","GI_AII_96","_Z","_Z","_Z","0_TO_100","_Z","_Z","_Z","2015","75.0","_Z","IX","2","GI_AII","602","0","A","PU","Annual","Kenya","In practice, roads/bridges networks between towns and cities exist and are maintained.","Not applicable","Not applicable","Not applicable","0-100 scale","Not Applicable","Not Applicable","Not Applicable","Not Applicable","Index","Two","Africa Integrity Indicators","CCYY","Units","Normal value","Public"
"datastructure","WB.DATA360:DS_DATA360(1.3)","I","A","KEN","GI_AII_96","_Z","_Z","_Z","0_TO_100","_Z","_Z","_Z","2016","75.0","_Z","IX","2","GI_AII","602","0","A","PU","Annual","Kenya","In practice, roads/bridges networks between towns and cities exist and are maintained.","Not applicable","Not applicable","Not applicable","0-100 scale","Not Applicable","Not Applicable","Not Applicable","Not Applicable","Index","Two","Africa Integrity Indicators","CCYY","Units","Normal value","Public"
"datastructure","WB.DATA360:DS_DATA360(1.3)","I","A","KEN","GI_AII_96","_Z","_Z","_Z","0_TO_100","_Z","_Z","_Z","2017","75.0","_Z","IX","2","GI_AII","602","0","A","PU","Annual","Kenya","In practice, roads/bridges networks between towns and cities exist and are maintained.","Not applicable","Not applicable","Not applicable","0-100 scale","Not Applicable","Not Applicable","Not Applicable","Not Applicable","Index","Two","Africa Integrity Indicators","CCYY","Units","Normal value","Public"
"datastructure","WB.DATA360:DS_DATA360(1.3)","I","A","KEN","GI_AII_96","_Z","_Z","_Z","0_TO_100","_Z","_Z","_Z","2018","75.0","_Z","IX","2","GI_AII","602","0","A","PU","Annual","Kenya","In practice, roads/bridges networks between towns and cities exist and are maintained.","Not applicable","Not applicable","Not applicable","0-100 scale","Not Applicable","Not Applicable","Not Applicable","Not Applicable","Index","Two","Africa Integrity Indicators","CCYY","Units","Normal value","Public"
"datastructure","WB.DATA360:DS_DATA360(1.3)","I","A","LSO","GI_AII_96","_Z","_Z","_Z","0_TO_100","_Z","_Z","_Z","2014","25.0","_Z","IX","2","GI_AII","602","0","A","PU","Annual","Lesotho","In practice, roads/bridges networks between towns and cities exist and are maintained.","Not applicable","Not applicable","Not applicable","0-100 scale","Not Applicable","Not Applicable","Not Applicable","Not Applicable","Index","Two","Africa Integrity Indicators","CCYY","Units","Normal value","Public"
"datastructure","WB.DATA360:DS_DATA360(1.3)","I","A","LSO","GI_AII_96","_Z","_Z","_Z","0_TO_100","_Z","_Z","_Z","2015","25.0","_Z","IX","2","GI_AII","602","0","A","PU","Annual","Lesotho","In practice, roads/bridges networks between towns and cities exist and are maintained.","Not applicable","Not applicable","Not applicable","0-100 scale","Not Applicable","Not Applicable","Not Applicable","Not Applicable","Index","Two","Africa Integrity Indicators","CCYY","Units","Normal value","Public"
"datastructure","WB.DATA360:DS_DATA360(1.3)","I","A","LSO","GI_AII_96","_Z","_Z","_Z","0_TO_100","_Z","_Z","_Z","2016","25.0","_Z","IX","2","GI_AII","602","0","A","PU","Annual","Lesotho","In practice, roads/bridges networks between towns and cities exist and are maintained.","Not applicable","Not applicable","Not applicable","0-100 scale","Not Applicable","Not Applicable","Not Applicable","Not Applicable","Index","Two","Africa Integrity Indicators","CCYY","Units","Normal value","Public"
"datastructure","WB.DATA360:DS_DATA360(1.3)","I","A","LSO","GI_AII_96","_Z","_Z","_Z","0_TO_100","_Z","_Z","_Z","2017","25.0","_Z","IX","2","GI_AII","602","0","A","PU","Annual","Lesotho","In practice, roads/bridges networks between towns and cities exist and are maintained.","Not applicable","Not applicable","Not applicable","0-100 scale","Not Applicable","Not Applicable","Not Applicable","Not Applicable","Index","Two","Africa Integrity Indicators","CCYY","Units","Normal value","Public"
"datastructure","WB.DATA360:DS_DATA360(1.3)","I","A","LSO","GI_AII_96","_Z","_Z","_Z","0_TO_100","_Z","_Z","_Z","2018","25.0","_Z","IX","2","GI_AII","602","0","A","PU","Annual","Lesotho","In practice, roads/bridges networks between towns and cities exist and are maintained.","Not applicable","Not applicable","Not applicable","0-100 scale","Not Applicable","Not Applicable","Not Applicable","Not Applicable","Index","Two","Africa Integrity Indicators","CCYY","Units","Normal value","Public"
"datastructure","WB.DATA360:DS_DATA360(1.3)","I","A","LBR","GI_AII_96","_Z","_Z","_Z","0_TO_100","_Z","_Z","_Z","2014","25.0","_Z","IX","2","GI_AII","602","0","A","PU","Annual","Liberia","In practice, roads/bridges networks between towns and cities exist and are maintained.","Not applicable","Not applicable","Not applicable","0-100 scale","Not Applicable","Not Applicable","Not Applicable","Not Applicable","Index","Two","Africa Integrity Indicators","CCYY","Units","Normal value","Public"
"datastructure","WB.DATA360:DS_DATA360(1.3)","I","A","LBR","GI_AII_96","_Z","_Z","_Z","0_TO_100","_Z","_Z","_Z","2015","25.0","_Z","IX","2","GI_AII","602","0","A","PU","Annual","Liberia","In practice, roads/bridges networks between towns and cities exist and are maintained.","Not applicable","Not applicable","Not applicable","0-100 scale","Not Applicable","Not Applicable","Not Applicable","Not Applicable","Index","Two","Africa Integrity Indicators","CCYY","Units","Normal value","Public"
"datastructure","WB.DATA360:DS_DATA360(1.3)","I","A","LBR","GI_AII_96","_Z","_Z","_Z","0_TO_100","_Z","_Z","_Z","2016","25.0","_Z","IX","2","GI_AII","602","0","A","PU","Annual","Liberia","In practice, roads/bridges networks between towns and cities exist and are maintained.","Not applicable","Not applicable","Not applicable","0-100 scale","Not Applicable","Not Applicable","Not Applicable","Not Applicable","Index","Two","Africa Integrity Indicators","CCYY","Units","Normal value","Public"
"datastructure","WB.DATA360:DS_DATA360(1.3)","I","A","LBR","GI_AII_96","_Z","_Z","_Z","0_TO_100","_Z","_Z","_Z","2017","0.0","_Z","IX","2","GI_AII","602","0","A","PU","Annual","Liberia","In practice, roads/bridges networks between towns and cities exist and are maintained.","Not applicable","Not applicable","Not applicable","0-100 scale","Not Applicable","Not Applicable","Not Applicable","Not Applicable","Index","Two","Africa Integrity Indicators","CCYY","Units","Normal value","Public"
"datastructure","WB.DATA360:DS_DATA360(1.3)","I","A","LBR","GI_AII_96","_Z","_Z","_Z","0_TO_100","_Z","_Z","_Z","2018","0.0","_Z","IX","2","GI_AII","602","0","A","PU","Annual","Liberia","In practice, roads/bridges networks between towns and cities exist and are maintained.","Not applicable","Not applicable","Not applicable","0-100 scale","Not Applicable","Not Applicable","Not Applicable","Not Applicable","Index","Two","Africa Integrity Indicators","CCYY","Units","Normal value","Public"
